City_ID,City,Country,Date,Lat,Lng,Max Temp,Humidity,Cloudiness,Wind Speed
0,Praia Da Vitoria,PT,2021-09-19 22:15:45,38.7333,-27.0667,70.05,83,75,10.4
1,Diu,IN,2021-09-19 22:15:45,20.7141,70.9822,78.67,91,59,9.17
2,Qaanaaq,GL,2021-09-19 22:15:01,77.484,-69.3632,14.61,89,92,6.96
3,Trairi,BR,2021-09-19 22:14:52,-3.2778,-39.2689,78.6,75,71,12.37
4,Salalah,OM,2021-09-19 22:15:46,17.0151,54.0924,80.69,89,75,5.75
5,Goianesia,BR,2021-09-19 22:15:46,-15.3175,-49.1175,85.03,14,11,5.32
6,Ushuaia,AR,2021-09-19 22:15:46,-54.8,-68.3,42.46,81,40,3.44
7,Zemio,CF,2021-09-19 22:15:47,5.0314,25.1361,71.56,93,100,3.13
8,Comodoro Rivadavia,AR,2021-09-19 22:15:14,-45.8667,-67.5,51.66,62,0,8.05
9,Matara,LK,2021-09-19 22:15:47,5.9485,80.5353,77.97,89,42,6.76
10,Qaqortoq,GL,2021-09-19 22:15:47,60.7167,-46.0333,43.3,86,31,10.56
11,Plettenberg Bay,ZA,2021-09-19 22:15:48,-34.0527,23.3716,55.65,87,41,4.99
12,Sisimiut,GL,2021-09-19 22:15:27,66.9395,-53.6735,33.49,59,100,10.0
13,Salinas,US,2021-09-19 22:13:04,36.6777,-121.6555,83.98,64,1,18.41
14,Tekeli,KZ,2021-09-19 22:15:48,44.83,78.8239,51.57,37,73,0.45
15,Peterhead,GB,2021-09-19 22:15:48,57.5058,-1.7981,54.72,94,35,6.35
16,Magaria,NE,2021-09-19 22:15:48,12.9983,8.9099,84.47,51,15,10.58
17,Ribeira Grande,PT,2021-09-19 22:15:49,38.5167,-28.7,69.78,66,33,9.71
18,Burgos,ES,2021-09-19 22:15:49,42.3394,-3.7079,54.01,87,0,6.91
19,Busselton,AU,2021-09-19 22:15:49,-33.65,115.3333,44.1,82,0,11.68
20,Gat,IL,2021-09-19 22:15:49,31.61,34.7642,77.4,65,0,4.85
21,Hermanus,ZA,2021-09-19 22:15:50,-34.4187,19.2345,56.89,78,0,12.46
22,Souillac,MU,2021-09-19 22:15:50,-20.5167,57.5167,70.18,56,40,6.91
23,Nola,IT,2021-09-19 22:15:50,40.922,14.5329,75.61,72,0,4.63
24,Malakal,SS,2021-09-19 22:15:50,9.5334,31.6605,73.17,87,88,1.99
25,Mar Del Plata,AR,2021-09-19 22:15:01,-38.0023,-57.5575,57.22,94,90,10.36
26,Onda,ES,2021-09-19 22:15:51,39.9667,-0.25,69.3,74,7,3.06
27,Marfino,RU,2021-09-19 22:15:51,55.7028,37.3822,42.75,93,75,17.9
28,Torbay,CA,2021-09-19 22:15:51,47.6666,-52.7314,58.75,97,90,11.5
29,Bredasdorp,ZA,2021-09-19 22:15:51,-34.5322,20.0403,52.92,82,0,3.44
30,Mehamn,NO,2021-09-19 22:15:52,71.0357,27.8492,44.51,81,0,13.8
31,Ponta Do Sol,PT,2021-09-19 22:15:52,32.6667,-17.1,74.03,68,94,5.44
32,Upernavik,GL,2021-09-19 22:14:53,72.7868,-56.1549,25.43,60,67,6.91
33,Bardejov,SK,2021-09-19 22:15:52,49.2918,21.2727,53.28,82,100,4.52
34,Touros,BR,2021-09-19 22:15:15,-5.1989,-35.4608,77.9,78,100,18.3
35,Pangnirtung,CA,2021-09-19 22:15:53,66.1451,-65.7125,33.19,76,95,11.16
36,Ngudu,TZ,2021-09-19 22:15:53,-2.9667,33.3333,69.31,78,85,3.91
37,Luderitz,NA,2021-09-19 22:15:25,-26.6481,15.1594,54.59,85,0,9.53
38,Arraial Do Cabo,BR,2021-09-19 22:15:53,-22.9661,-42.0278,73.26,88,75,4.61
39,Koboko,UG,2021-09-19 22:15:53,3.4136,30.9599,63.55,87,7,2.01
40,Bambous Virieux,MU,2021-09-19 22:15:54,-20.3428,57.7575,70.05,56,40,6.91
41,Mehriz,IR,2021-09-19 22:15:54,31.5917,54.4318,73.9,13,18,5.55
42,Huarmey,PE,2021-09-19 22:15:54,-10.0681,-78.1522,64.4,74,5,12.17
43,Mahebourg,MU,2021-09-19 22:15:54,-20.4081,57.7,70.09,56,40,6.91
44,Sao Filipe,CV,2021-09-19 22:15:55,14.8961,-24.4956,80.06,81,96,12.28
45,Ostrovnoy,RU,2021-09-19 22:15:50,68.0531,39.5131,36.81,79,26,6.67
46,Paamiut,GL,2021-09-19 22:15:55,61.994,-49.6678,36.79,83,91,7.67
47,Port Alfred,ZA,2021-09-19 22:15:55,-33.5906,26.891,60.98,82,74,9.28
48,Itarema,BR,2021-09-19 22:15:55,-2.9248,-39.9167,78.46,76,97,16.58
49,Abu Zabad,SD,2021-09-19 22:15:56,12.35,29.25,77.94,68,94,5.48
50,Gunjur,GM,2021-09-19 22:15:56,13.2019,-16.7339,75.27,94,75,0.0
51,Oparino,RU,2021-09-19 22:15:56,59.8518,48.2783,35.56,79,100,5.32
52,Coquimbo,CL,2021-09-19 22:13:43,-29.9533,-71.3436,58.73,72,20,11.5
53,Florida,US,2021-09-19 22:15:56,28.7505,-82.5001,84.9,78,1,4.61
54,Sekoma,BW,2021-09-19 22:15:57,-24.4,23.8833,70.9,38,25,12.17
55,Cidreira,BR,2021-09-19 22:15:57,-30.1811,-50.2056,66.76,97,89,16.82
56,Nador,MA,2021-09-19 22:15:57,35.174,-2.9287,71.85,73,20,3.44
57,Kyzyl-Suu,KG,2021-09-19 22:15:57,42.3414,78.0056,55.09,45,0,3.49
58,Manitouwadge,CA,2021-09-19 22:15:58,49.1215,-85.8403,70.52,67,98,17.65
59,Rawson,AR,2021-09-19 22:15:58,-43.3002,-65.1023,55.08,47,69,6.06
60,Kargasok,RU,2021-09-19 22:15:58,59.0556,80.8572,36.43,97,100,7.78
61,Hambantota,LK,2021-09-19 22:15:59,6.1241,81.1185,79.54,85,36,11.86
62,Bengkulu,ID,2021-09-19 22:15:59,-3.8004,102.2655,73.47,90,93,2.71
63,East London,ZA,2021-09-19 22:12:33,-33.0153,27.9116,61.81,83,13,12.5
64,Mayen,DE,2021-09-19 22:15:59,50.3333,7.2167,56.14,86,74,0.87
65,Dzerzhinsk,RU,2021-09-19 22:13:56,56.2389,43.4631,40.82,70,0,6.71
66,Kondinskoye,RU,2021-09-19 22:15:59,59.6481,67.41,35.58,97,100,14.09
67,Jacareacanga,BR,2021-09-19 22:15:26,-6.2222,-57.7528,82.09,60,85,1.1
68,Grand Gaube,MU,2021-09-19 22:16:00,-20.0064,57.6608,70.2,66,93,1.99
69,Saint Anthony,US,2021-09-19 22:16:00,45.0205,-93.218,89.92,44,1,5.99
70,Roald,NO,2021-09-19 22:16:00,62.5833,6.1333,58.15,88,90,5.75
71,Punta Arenas,CL,2021-09-19 22:12:18,-53.15,-70.9167,42.91,87,90,17.27
72,San Cristobal,VE,2021-09-19 22:12:38,7.7669,-72.225,77.18,86,65,3.53
73,Vila Franca Do Campo,PT,2021-09-19 22:15:23,37.7167,-25.4333,68.41,74,73,8.88
74,Sinnamary,GF,2021-09-19 22:16:01,5.3833,-52.95,80.91,79,85,10.2
75,Lembeni,TZ,2021-09-19 22:16:01,-3.7833,37.6167,65.88,74,5,3.31
76,Saint-Philippe,RE,2021-09-19 22:16:01,-21.3585,55.7679,63.99,69,5,6.49
77,Salme,NP,2021-09-19 22:16:02,28.0369,85.0942,66.49,90,55,2.64
78,Abu Samrah,SY,2021-09-19 22:16:02,35.3029,37.1841,73.96,45,0,5.66
79,Boa Vista,BR,2021-09-19 22:16:02,2.8197,-60.6733,80.58,89,75,4.61
80,Serov,RU,2021-09-19 22:16:02,59.6033,60.5787,33.24,81,82,8.14
81,Mbanza-Ngungu,CD,2021-09-19 22:16:03,-5.25,14.8667,72.55,63,61,2.82
82,Tiznit,MA,2021-09-19 22:15:58,29.5833,-9.5,63.9,86,87,3.0
83,Bathsheba,BB,2021-09-19 22:15:03,13.2167,-59.5167,83.01,69,20,8.05
84,Georgetown,MY,2021-09-19 22:15:45,5.4112,100.3354,78.73,93,40,3.44
85,Ouesso,CG,2021-09-19 22:16:03,1.6136,16.0517,69.28,99,100,2.26
86,Sabha,LY,2021-09-19 22:16:03,27.0377,14.4283,84.43,21,0,8.55
87,Washington,US,2021-09-19 22:13:26,47.5001,-120.5015,68.58,36,24,9.82
88,Japura,ID,2021-09-19 22:16:04,-0.3167,102.35,70.11,95,86,1.57
89,Jamestown,US,2021-09-19 22:15:21,42.097,-79.2353,74.52,49,1,4.61
90,Cape Town,ZA,2021-09-19 22:14:10,-33.9258,18.4232,57.11,89,41,1.01
91,Bonthe,SL,2021-09-19 22:16:04,7.5264,-12.505,76.3,90,100,5.1
92,Velizh,RU,2021-09-19 22:16:04,55.6056,31.1967,38.59,98,100,12.44
93,Zhezkazgan,KZ,2021-09-19 22:16:05,47.8043,67.7144,44.11,43,0,5.17
94,Maxixe,MZ,2021-09-19 22:16:05,-23.8597,35.3472,65.34,69,0,9.08
95,Karoi,ZW,2021-09-19 22:16:05,-16.8099,29.6925,59.23,73,0,6.64
96,Longyearbyen,SJ,2021-09-19 22:15:42,78.2186,15.6401,39.04,93,75,2.3
97,Ghanzi,BW,2021-09-19 22:16:05,-21.5667,21.7833,71.67,33,9,7.09
98,Dingle,PH,2021-09-19 22:16:06,10.9995,122.6711,75.0,91,100,2.42
99,Itatskiy,RU,2021-09-19 22:16:06,56.07,89.0369,42.33,91,68,7.09
100,Cap Malheureux,MU,2021-09-19 22:16:06,-19.9842,57.6142,70.29,66,95,1.99
101,Kavaratti,IN,2021-09-19 22:16:07,10.5669,72.642,81.45,80,100,12.1
102,Verrettes,HT,2021-09-19 22:16:07,19.05,-72.4667,81.79,77,50,5.06
103,Hit,IQ,2021-09-19 22:16:07,33.6416,42.8251,83.12,24,0,7.58
104,Naryan-Mar,RU,2021-09-19 22:16:07,67.6713,53.087,38.44,75,100,8.88
105,Hithadhoo,MV,2021-09-19 22:16:08,-0.6,73.0833,81.66,78,100,4.63
106,Inongo,CD,2021-09-19 22:16:08,-1.95,18.2667,67.44,95,98,3.76
107,Kismayo,SO,2021-09-19 22:14:03,-0.3582,42.5454,76.75,80,1,19.1
108,Envira,BR,2021-09-19 22:16:08,-7.3,-70.2167,83.89,63,31,2.37
109,Corinto,GR,2021-09-19 22:12:12,37.9407,22.9573,80.76,67,0,6.42
110,Dikson,RU,2021-09-19 22:14:20,73.5069,80.5464,35.56,77,100,19.84
111,Ambanja,MG,2021-09-19 22:16:08,-13.6833,48.45,72.36,94,100,3.27
112,Kayerkan,RU,2021-09-19 22:16:09,69.3497,87.7602,32.76,94,100,16.51
113,Englewood,US,2021-09-19 22:12:54,39.6478,-104.9878,91.38,21,20,1.01
114,Tasiilaq,GL,2021-09-19 22:16:09,65.6145,-37.6368,35.76,75,84,1.97
115,Kutum,SD,2021-09-19 22:16:09,14.2,24.6667,79.59,37,42,7.36
116,Nanortalik,GL,2021-09-19 22:16:10,60.1432,-45.2371,37.76,87,51,9.62
117,Vestmannaeyjar,IS,2021-09-19 22:16:10,63.4427,-20.2734,50.16,91,99,32.06
118,Roxana,CR,2021-09-19 22:16:10,10.2753,-83.7513,87.96,63,28,5.44
119,Tocopilla,CL,2021-09-19 22:11:53,-22.092,-70.1979,63.54,71,79,11.45
120,Hobyo,SO,2021-09-19 22:16:10,5.3505,48.5268,76.96,84,97,25.59
121,Margate,GB,2021-09-19 22:16:11,51.3813,1.3862,63.3,92,100,8.01
122,Sao Felix Do Xingu,BR,2021-09-19 22:16:11,-6.6447,-51.995,83.46,42,53,2.1
123,Victoria,HK,2021-09-19 22:14:03,22.2855,114.1577,85.32,85,21,4.74
124,Atar,MR,2021-09-19 22:16:11,20.5169,-13.0499,90.37,37,74,19.44
125,Port Elizabeth,ZA,2021-09-19 22:13:02,-33.918,25.5701,53.1,87,22,8.68
126,Mastic Beach,US,2021-09-19 22:16:12,40.7668,-72.8521,76.03,68,1,5.01
127,Olafsvik,IS,2021-09-19 22:14:49,64.8945,-23.7142,48.4,88,100,19.39
128,Chuy,UY,2021-09-19 22:16:12,-33.6971,-53.4616,61.5,97,100,8.52
129,Vila Velha,BR,2021-09-19 22:14:34,-20.3297,-40.2925,76.95,83,75,2.3
130,Lagoa,PT,2021-09-19 22:16:07,39.05,-27.9833,68.65,63,57,11.83
131,Viedma,AR,2021-09-19 22:16:12,-40.8135,-62.9967,52.97,85,84,11.56
132,Aksay,RU,2021-09-19 22:16:12,47.26,39.87,62.82,87,100,5.88
133,Yar-Sale,RU,2021-09-19 22:16:13,66.8333,70.8333,30.33,85,69,21.81
134,Nalut,LY,2021-09-19 22:16:13,30.3333,10.85,84.06,17,0,8.12
135,Muzhi,RU,2021-09-19 22:16:13,65.3667,64.6667,30.61,88,66,10.07
136,Narsaq,GL,2021-09-19 22:16:13,60.9167,-46.05,43.02,84,70,3.0
137,Panaba,MX,2021-09-19 22:16:14,21.2833,-88.2667,89.01,56,65,16.71
138,Pisco,PE,2021-09-19 22:16:14,-13.7,-76.2167,63.01,77,0,21.85
139,Tutoia,BR,2021-09-19 22:16:14,-2.7619,-42.2744,79.29,80,87,13.24
140,Riyadh,SA,2021-09-19 22:16:15,24.6877,46.7219,84.34,21,0,5.68
141,Salinopolis,BR,2021-09-19 22:16:15,-0.6136,-47.3561,80.51,79,82,12.41
142,Szecseny,HU,2021-09-19 22:16:15,48.0806,19.5202,49.77,93,5,2.44
143,Saldanha,ZA,2021-09-19 22:16:15,-33.0117,17.9442,57.25,80,87,8.23
144,Kruisfontein,ZA,2021-09-19 22:16:16,-34.0033,24.7314,50.88,91,47,6.02
145,Kashi,CN,2021-09-19 22:16:16,39.4547,75.9797,75.22,16,0,11.18
146,Puerto Del Rosario,ES,2021-09-19 22:16:16,28.5004,-13.8627,73.15,64,39,10.36
147,Nuuk,GL,2021-09-19 22:14:00,64.1835,-51.7216,36.21,64,75,5.75
148,Gangarampur,IN,2021-09-19 22:16:16,25.4,88.5167,77.83,94,12,6.73
149,San Carlos De Bariloche,AR,2021-09-19 22:16:17,-41.1456,-71.3082,47.95,43,20,18.41
150,Sandur,IN,2021-09-19 22:16:17,15.1,76.55,73.22,87,100,6.6
151,Castro,BR,2021-09-19 22:16:17,-24.7911,-50.0119,65.7,94,58,5.82
152,Ilhabela,BR,2021-09-19 22:12:44,-23.7781,-45.3581,71.17,94,48,6.2
153,Boromo,BF,2021-09-19 22:16:18,11.75,-2.9333,78.57,70,27,4.36
154,Taltal,CL,2021-09-19 22:14:46,-25.4,-70.4833,61.27,76,19,5.86
155,Dhidhdhoo,MV,2021-09-19 22:16:18,6.8833,73.1,81.54,81,100,11.63
156,Camacha,PT,2021-09-19 22:16:18,33.0833,-16.3333,70.56,68,75,13.8
157,Peredovaya,RU,2021-09-19 22:16:18,44.1172,41.4756,55.67,78,80,5.17
158,Palanga,LT,2021-09-19 22:16:19,55.9175,21.0686,40.95,74,23,13.96
159,Rovaniemi,FI,2021-09-19 22:16:19,66.5,25.7167,42.21,65,90,4.61
160,Lasa,IT,2021-09-19 22:16:19,46.6166,10.7002,54.01,99,100,5.39
161,Jinka,ET,2021-09-19 22:16:19,5.65,36.65,64.96,77,24,2.3
162,Lebu,CL,2021-09-19 22:14:39,-37.6167,-73.65,51.12,73,1,17.56
163,Venice,US,2021-09-19 22:16:20,27.0998,-82.4543,87.98,75,20,9.22
164,Andapa,MG,2021-09-19 22:16:20,-14.65,49.65,64.09,99,100,1.1
165,Bilma,NE,2021-09-19 22:16:20,18.6853,12.9164,88.95,13,21,4.97
166,Oistins,BB,2021-09-19 22:14:43,13.0667,-59.5333,82.49,69,20,8.05
167,Belyy Yar,RU,2021-09-19 22:16:21,53.6039,91.3903,51.69,66,0,4.47
168,Yekaterinovka,RU,2021-09-19 22:16:21,52.0508,44.3451,49.3,44,100,15.3
169,Cayenne,GF,2021-09-19 22:16:21,4.9333,-52.3333,84.09,77,0,3.0
170,Codrington,AU,2021-09-19 22:15:00,-38.2667,141.9667,47.17,81,46,21.94
171,Kathmandu,NP,2021-09-19 22:15:04,27.7167,85.3167,71.82,94,75,2.3
172,Nieuw Amsterdam,SR,2021-09-19 22:16:22,5.8833,-55.0833,80.76,87,75,11.5
173,Abu Dhabi,AE,2021-09-19 22:12:16,24.4667,54.3667,89.71,70,0,3.44
174,Gazli,UZ,2021-09-19 22:16:22,40.1333,63.45,67.35,23,0,17.54
175,Icod De Los Vinos,ES,2021-09-19 22:16:22,28.3724,-16.7119,73.47,78,35,9.55
176,Igbo Ora,NG,2021-09-19 22:16:22,7.4333,3.2833,73.81,95,98,4.27
177,Portree,GB,2021-09-19 22:16:24,57.4129,-6.1942,51.53,93,11,6.98
178,Chipiona,ES,2021-09-19 22:16:25,36.7366,-6.437,72.66,78,0,2.3
179,Aqtobe,KZ,2021-09-19 22:16:25,50.2797,57.2072,28.49,64,0,0.0
180,Bongandanga,CD,2021-09-19 22:16:25,1.5,21.05,69.17,98,14,2.53
181,Ordu,TR,2021-09-19 22:16:25,40.9086,37.6845,55.9,87,18,5.7
182,Zwedru,LR,2021-09-19 22:16:26,6.0667,-8.1281,72.21,99,100,3.27
183,Marzuq,YE,2021-09-19 22:16:26,14.4,46.4667,79.61,34,90,1.63
184,Visby,SE,2021-09-19 22:16:26,57.6409,18.296,52.95,76,90,8.05
185,Urlati,RO,2021-09-19 22:16:26,44.9833,26.2333,64.35,61,2,4.32
186,Hammerfest,NO,2021-09-19 22:11:50,70.6634,23.6821,46.85,66,0,8.05
187,Mantua,IT,2021-09-19 22:16:27,45.1667,10.7833,63.72,85,74,1.99
188,Icatu,BR,2021-09-19 22:16:27,-2.7758,-44.0658,81.03,79,78,9.22
189,Dharchula,IN,2021-09-19 22:16:27,29.85,80.5333,71.08,96,72,0.72
190,Antsohihy,MG,2021-09-19 22:16:27,-14.8796,47.9875,73.17,73,100,7.05
191,Husavik,IS,2021-09-19 22:15:35,66.0449,-17.3389,46.31,87,99,4.92
192,Tromso,NO,2021-09-19 22:16:28,69.6496,18.957,44.62,81,0,4.61
193,Kadom,RU,2021-09-19 22:16:28,54.5592,42.4675,42.64,83,100,12.88
194,Prado,BR,2021-09-19 22:16:28,-17.3411,-39.2208,73.44,79,43,9.33
195,Nantucket,US,2021-09-19 22:14:39,41.2835,-70.0995,66.96,68,1,13.8
196,Chapais,CA,2021-09-19 22:15:25,49.7834,-74.8492,58.78,52,48,5.1
197,Bonfim,BR,2021-09-19 22:16:29,3.0833,-59.95,83.01,68,83,2.98
198,Axim,GH,2021-09-19 22:16:29,4.8699,-2.2405,75.45,92,14,7.25
199,Clyde River,CA,2021-09-19 22:15:36,70.4692,-68.5914,30.74,59,78,2.15
200,Jumla,NP,2021-09-19 22:16:29,29.2747,82.1838,57.87,91,22,2.51
201,Christiansburg,US,2021-09-19 22:16:30,37.1298,-80.4089,82.6,75,90,4.61
202,Cap Estate,LC,2021-09-19 22:16:30,14.0833,-60.95,83.86,70,20,6.91
203,Bonavista,CA,2021-09-19 22:16:30,48.6499,-53.1147,53.6,97,100,18.07
204,Tevriz,RU,2021-09-19 22:16:30,57.509,72.4042,34.57,97,100,8.88
205,Marsh Harbour,BS,2021-09-19 22:16:31,26.5412,-77.0636,83.73,68,78,8.75
206,Catacamas,HN,2021-09-19 22:16:31,14.8,-85.9,87.3,55,92,6.87
207,Faya,SA,2021-09-19 22:16:31,18.3851,42.4509,68.11,21,74,5.82
208,Saint George,US,2021-09-19 22:13:04,37.1041,-113.5841,94.62,15,1,3.0
209,Voyinka,UA,2021-09-19 22:16:31,45.8699,33.9914,63.34,73,4,12.24
210,Kunda,IN,2021-09-19 22:16:32,25.7167,81.5167,79.34,81,8,2.8
211,Virginia Beach,US,2021-09-19 22:12:21,36.8529,-75.978,80.62,75,40,10.36
212,Lichinga,MZ,2021-09-19 22:16:32,-13.3128,35.2406,57.81,70,5,6.51
213,Weligama,LK,2021-09-19 22:16:32,5.9667,80.4167,78.26,88,42,6.69
214,Knysna,ZA,2021-09-19 22:16:33,-34.0363,23.0471,59.38,89,34,3.69
215,Vardo,NO,2021-09-19 22:16:33,70.3705,31.1107,43.0,76,100,22.79
216,Fort William,GB,2021-09-19 22:16:33,56.8165,-5.1121,50.79,94,15,2.53
217,Oulainen,FI,2021-09-19 22:16:33,64.2667,24.8,43.27,73,100,3.8
218,Araguacu,BR,2021-09-19 22:16:34,-12.9306,-49.8264,90.9,15,8,1.45
219,Marathon,US,2021-09-19 22:14:13,44.9,-89.7668,85.53,58,1,1.01
220,Geraldton,AU,2021-09-19 22:16:34,-28.7667,114.6,55.81,76,0,11.5
221,Oranjemund,NA,2021-09-19 22:16:34,-28.55,16.4333,55.74,86,12,3.09
222,Iqaluit,CA,2021-09-19 22:16:20,63.7506,-68.5145,35.33,75,40,13.8
223,Doha,QA,2021-09-19 22:16:20,25.2867,51.5333,89.58,74,0,4.61
224,Turiacu,BR,2021-09-19 22:16:34,-1.6633,-45.3717,75.81,85,80,5.48
225,Klaksvik,FO,2021-09-19 22:16:35,62.2266,-6.589,52.72,87,46,9.17
226,Pio Ix,BR,2021-09-19 22:16:35,-6.8375,-40.5792,86.07,28,79,5.1
227,Padang,ID,2021-09-19 22:16:35,-0.9492,100.3543,75.25,84,97,3.58
228,Saint-Pierre,RE,2021-09-19 22:16:35,-21.3393,55.4781,64.08,68,75,10.36
229,Buncrana,IE,2021-09-19 22:16:36,55.1333,-7.45,48.94,94,18,5.08
230,Vuktyl,RU,2021-09-19 22:16:36,63.8567,57.3094,36.03,77,86,13.31
231,Novo Aripuana,BR,2021-09-19 22:16:36,-5.1206,-60.3797,82.6,60,72,1.92
232,Aland,IN,2021-09-19 22:16:37,17.5667,76.5667,76.84,81,100,10.22
233,Tukrah,LY,2021-09-19 22:16:37,32.5341,20.5791,82.29,38,0,3.87
234,Pangody,RU,2021-09-19 22:16:37,65.85,74.4859,36.7,96,100,15.86
235,Hell,NO,2021-09-19 22:16:37,63.4455,10.9033,51.71,62,0,8.05
236,Haveri,IN,2021-09-19 22:16:38,14.8,75.4,69.3,97,100,7.31
237,Turayf,SA,2021-09-19 22:16:38,31.6725,38.6637,70.05,28,0,0.0
238,Maldonado,UY,2021-09-19 22:16:38,-34.6667,-54.9167,62.22,95,100,11.23
239,Mabaruma,GY,2021-09-19 22:16:38,8.2,-59.7833,78.58,79,90,4.09
240,Ambilobe,MG,2021-09-19 22:16:02,-13.2,49.05,73.29,76,91,5.95
241,Port Blair,IN,2021-09-19 22:16:39,11.6667,92.75,79.97,84,100,2.55
242,Vila Do Maio,CV,2021-09-19 22:16:39,15.1333,-23.2167,79.59,86,80,10.76
243,Luxor,EG,2021-09-19 22:16:39,25.6989,32.6421,86.22,15,5,6.15
244,Pudozh,RU,2021-09-19 22:16:39,61.8099,36.5345,33.35,92,7,4.32
245,Walvis Bay,NA,2021-09-19 22:16:40,-22.9575,14.5053,55.09,76,4,2.3
246,Garowe,SO,2021-09-19 22:16:40,8.4054,48.4845,77.02,66,76,8.08
247,Douglas,US,2021-09-19 22:16:40,41.3,-96.167,90.7,50,1,8.01
248,Lucapa,AO,2021-09-19 22:16:40,-8.4192,20.7447,68.52,79,83,2.89
249,Chikwawa,MW,2021-09-19 22:16:41,-16.0335,34.8009,67.26,59,5,2.17
250,Masumbwe,TZ,2021-09-19 22:16:41,-3.6333,32.1833,69.8,69,100,2.33
251,Araouane,ML,2021-09-19 22:16:41,18.9048,-3.5265,97.9,13,7,8.81
252,Dalvik,IS,2021-09-19 22:16:42,65.9702,-18.5286,46.33,88,100,3.65
253,Carnarvon,AU,2021-09-19 22:15:06,-24.8667,113.6333,57.27,54,0,10.36
254,Schwedt,DE,2021-09-19 22:16:42,53.0596,14.2815,57.58,55,100,7.65
255,Muros,ES,2021-09-19 22:16:42,42.7762,-9.0603,64.24,88,52,10.85
256,Santa Vitoria Do Palmar,BR,2021-09-19 22:14:20,-33.5189,-53.3681,62.01,97,100,9.1
257,Andenes,NO,2021-09-19 22:16:42,69.3143,16.1194,46.38,76,90,6.91
258,Carutapera,BR,2021-09-19 22:16:20,-1.195,-46.02,78.93,79,81,8.34
259,Penzance,GB,2021-09-19 22:16:43,50.1186,-5.5371,58.77,80,7,13.96
260,Arauco,CL,2021-09-19 22:16:43,-37.2463,-73.3175,55.42,64,4,11.59
261,Port-Gentil,GA,2021-09-19 22:14:15,-0.7193,8.7815,77.23,81,96,10.98
262,Ponta Delgada,PT,2021-09-19 22:16:43,37.7333,-25.6667,68.72,64,20,5.75
263,Santa Fe,AR,2021-09-19 22:16:21,-31.6333,-60.7,70.75,76,100,1.99
264,Padre Bernardo,BR,2021-09-19 22:16:44,-15.35,-48.5,82.54,14,46,5.37
265,Corralillo,CU,2021-09-19 22:16:44,22.9819,-80.5856,84.65,70,66,14.16
266,Lodwar,KE,2021-09-19 22:16:44,3.1191,35.5973,85.28,42,10,4.63
267,Stephenville,US,2021-09-19 22:13:03,32.2207,-98.2023,97.14,29,1,4.61
268,Herat,AF,2021-09-19 22:16:45,34.5,62.0,66.04,29,0,11.5
269,Sumbe,AO,2021-09-19 22:16:45,-11.2061,13.8437,71.42,89,100,10.07
270,Elizabeth City,US,2021-09-19 22:16:45,36.2946,-76.2511,81.01,80,1,1.01
271,Ilulissat,GL,2021-09-19 22:16:45,69.2167,-51.1,23.02,58,100,6.91
272,Dabat,ET,2021-09-19 22:16:46,12.9842,37.765,53.42,82,57,3.94
273,Vilaka,LV,2021-09-19 22:16:46,57.1846,27.6722,40.86,80,100,11.99
274,Bharwari,IN,2021-09-19 22:16:46,25.55,81.5,79.57,81,8,2.62
275,Rafsanjan,IR,2021-09-19 22:16:46,30.4067,55.9939,78.85,13,22,2.8
276,Hamilton,US,2021-09-19 22:16:47,39.1834,-84.5333,85.24,56,1,1.99
277,Verkhnetulomskiy,RU,2021-09-19 22:16:47,68.6073,31.7962,26.73,83,1,5.12
278,Havoysund,NO,2021-09-19 22:16:47,70.9963,24.6622,47.28,77,100,9.82
279,Sambava,MG,2021-09-19 22:16:48,-14.2667,50.1667,70.47,87,100,13.8
280,Starominskaya,RU,2021-09-19 22:16:48,46.53,39.0497,63.32,85,100,8.5
281,Rafaela,AR,2021-09-19 22:16:48,-31.2503,-61.4867,72.0,54,100,3.0
282,Kindu,CD,2021-09-19 22:16:06,-2.95,25.95,70.39,98,100,1.19
283,The Valley,AI,2021-09-19 22:16:02,18.217,-63.0578,80.82,94,20,4.61
284,Dumka,IN,2021-09-19 22:16:49,24.2667,87.25,78.21,89,2,3.4
285,San Pedro,PH,2021-09-19 22:16:49,14.35,121.0167,78.03,92,75,1.14
286,Zhanakorgan,KZ,2021-09-19 22:16:49,43.9098,67.2495,58.62,18,0,16.58
287,Banda Aceh,ID,2021-09-19 22:16:49,5.5577,95.3222,75.79,87,100,15.66
288,Jizan,SA,2021-09-19 22:16:50,17.3333,42.6667,88.74,63,31,3.96
289,Taguatinga,BR,2021-09-19 22:16:50,-12.3857,-46.5711,86.83,13,1,0.4
290,Lukulu,ZM,2021-09-19 22:16:50,-14.3707,23.242,77.9,22,22,9.78
291,Wamba,NG,2021-09-19 22:16:50,8.9333,8.6,72.88,92,7,2.13
292,Monrovia,LR,2021-09-19 22:16:51,6.3005,-10.7969,76.86,86,100,6.73
293,West Bay,KY,2021-09-19 22:16:51,19.3667,-81.4167,89.08,77,20,1.99
294,Oktyabrskoye,RU,2021-09-19 22:16:51,43.0645,44.7417,51.94,100,51,4.47
295,Ati,TD,2021-09-19 22:16:52,13.2154,18.3353,84.52,59,27,8.23
296,Lapeer,US,2021-09-19 22:14:17,43.0514,-83.3188,79.32,47,1,5.75
297,Kamyshlov,RU,2021-09-19 22:16:52,56.8428,62.7111,34.36,77,69,12.88
298,Bonoua,CI,2021-09-19 22:16:52,5.2741,-3.595,76.62,93,25,4.76
299,Lentekhi,GE,2021-09-19 22:16:53,42.7856,42.7261,58.64,87,99,4.03
300,Olinda,BR,2021-09-19 22:16:53,-8.0089,-34.8553,76.73,69,40,8.05
301,Dijkot,PK,2021-09-19 22:16:53,31.2167,72.9833,85.48,56,0,6.38
302,Yelkhovka,RU,2021-09-19 22:16:53,53.8667,50.2832,38.16,67,96,2.82
303,Wilson,US,2021-09-19 22:13:18,36.1501,-86.2833,73.49,80,20,5.75
304,Torres,BR,2021-09-19 22:16:54,-29.3353,-49.7269,78.82,97,91,11.34
305,Pyshma,RU,2021-09-19 22:16:54,56.9523,63.2513,36.39,76,95,13.8
306,Valdivia,CL,2021-09-19 22:12:14,-39.8142,-73.2459,55.49,77,47,1.81
307,Raudeberg,NO,2021-09-19 22:16:54,61.9875,5.1352,55.87,86,100,1.01
308,Acari,PE,2021-09-19 22:16:55,-15.4311,-74.6158,65.53,75,55,6.76
309,Ilebo,CD,2021-09-19 22:16:55,-4.3167,20.5833,69.94,84,90,1.39
310,Verkhnyaya Inta,RU,2021-09-19 22:16:55,65.9811,60.3094,30.67,93,22,8.25
311,Bubaque,GW,2021-09-19 22:15:21,11.2833,-15.8333,81.01,81,100,10.6
312,Itubera,BR,2021-09-19 22:16:55,-13.7322,-39.1492,68.31,88,1,3.36
313,Sturgeon Falls,CA,2021-09-19 22:16:56,46.3646,-79.9326,72.09,45,0,7.31
314,Morant Bay,JM,2021-09-19 22:16:53,17.8815,-76.4093,84.65,73,92,7.36
315,Sturgeon Bay,US,2021-09-19 22:16:56,44.8342,-87.377,82.22,78,1,12.66
316,Yaypan,UZ,2021-09-19 22:16:56,40.3758,70.8156,71.76,20,0,13.27
317,Vilhena,BR,2021-09-19 22:16:56,-12.7406,-60.1458,85.26,27,22,2.82
318,Kuusamo,FI,2021-09-19 22:16:57,65.9667,29.1833,37.44,87,75,4.61
319,Tamandare,BR,2021-09-19 22:16:57,-8.7597,-35.1047,74.91,76,55,9.8
320,Thompson,CA,2021-09-19 22:16:57,55.7435,-97.8558,55.56,82,75,12.66
321,Soyo,AO,2021-09-19 22:16:58,-6.1349,12.3689,74.19,77,65,7.23
322,Thaba-Tseka,LS,2021-09-19 22:16:58,-29.522,28.6084,51.85,68,16,19.98
323,Tabou,CI,2021-09-19 22:16:58,4.423,-7.3528,77.85,85,61,4.38
324,Tucuman,AR,2021-09-19 22:16:56,-26.8241,-65.2226,84.2,45,41,4.61
325,Ancud,CL,2021-09-19 22:16:30,-41.8697,-73.8203,51.42,80,34,8.05
326,Marsaxlokk,MT,2021-09-19 22:16:58,35.8419,14.5431,78.08,94,0,2.3
327,Choma,ZM,2021-09-19 22:16:59,-16.8065,26.9531,64.18,50,0,3.0
328,Delmas,HT,2021-09-19 22:16:59,18.5447,-72.3028,83.73,69,24,5.17
329,Boddam,GB,2021-09-19 22:16:59,57.4667,-1.7833,54.72,95,35,6.91
330,Igarka,RU,2021-09-19 22:16:59,67.4667,86.5833,40.64,94,100,7.94
331,Gwadar,PK,2021-09-19 22:17:00,25.1216,62.3254,80.53,84,31,8.59
332,Buribay,RU,2021-09-19 22:17:00,51.9617,58.1592,36.18,68,56,6.62
333,Caravelas,BR,2021-09-19 22:13:28,-17.7125,-39.2481,72.48,79,26,6.93
334,Korla,CN,2021-09-19 22:17:00,41.7597,86.1469,72.5,23,0,3.49
335,Rio Branco,BR,2021-09-19 22:17:00,-9.9747,-67.81,90.21,51,40,8.05
336,Gubkinskiy,RU,2021-09-19 22:16:46,64.434,76.5026,34.3,93,49,9.69
337,Povenets,RU,2021-09-19 22:17:01,62.8487,34.8262,39.13,77,57,8.03
338,Kalmunai,LK,2021-09-19 22:17:01,7.4167,81.8167,79.75,83,56,5.44
339,Lima,PE,2021-09-19 22:12:44,-12.0432,-77.0282,59.25,77,90,14.97
340,Kosino,RU,2021-09-19 22:17:01,58.4127,51.2782,38.1,62,100,4.92
341,Palencia,ES,2021-09-19 22:17:02,42.4167,-4.5,55.6,75,76,9.1
342,Ebeltoft,DK,2021-09-19 22:17:02,56.1944,10.6821,53.74,82,90,1.14
343,Annau,TM,2021-09-19 22:15:13,37.8876,58.516,73.11,27,0,6.58
344,Wilmington,US,2021-09-19 22:12:42,34.2257,-77.9447,82.31,68,1,10.36
345,Shache,CN,2021-09-19 22:17:02,38.4167,77.2406,71.01,15,46,4.81
346,Qasigiannguit,GL,2021-09-19 22:17:03,68.8193,-51.1922,23.25,77,100,4.47
347,Araguaina,BR,2021-09-19 22:17:03,-7.1911,-48.2072,92.43,23,39,2.46
348,Lieto,FI,2021-09-19 22:17:03,60.5103,22.4618,46.71,71,90,5.75
349,Shahrud,IR,2021-09-19 22:17:03,36.4182,54.9763,68.7,50,0,4.29
350,Zaraza,VE,2021-09-19 22:17:04,9.3503,-65.3245,81.9,73,89,3.96
351,Breves,BR,2021-09-19 22:17:04,-1.6822,-50.4803,75.04,92,96,6.2
352,Ibra,OM,2021-09-19 22:17:04,22.6906,58.5334,77.61,74,91,4.32
353,Namibe,AO,2021-09-19 22:16:17,-15.1961,12.1522,61.43,84,17,6.22
354,Itaituba,BR,2021-09-19 22:17:04,-4.2761,-55.9836,84.24,56,53,2.06
355,Svetlogorsk,BY,2021-09-19 22:17:05,52.6333,29.7333,48.51,97,100,10.85
356,Ape,LV,2021-09-19 22:17:05,57.5393,26.6929,38.71,70,100,10.87
357,Porto Santo,PT,2021-09-19 22:17:05,33.072,-16.3415,73.31,68,75,13.8
358,Polunochnoye,RU,2021-09-19 22:17:06,60.8697,60.4153,31.08,85,56,6.89
359,Deep River,CA,2021-09-19 22:17:06,46.1001,-77.4995,67.95,53,1,3.76
360,Upata,VE,2021-09-19 22:17:06,8.0086,-62.3989,74.71,87,44,2.73
361,Berlevag,NO,2021-09-19 22:17:06,70.8578,29.0864,44.55,65,0,16.11
362,Maraa,BR,2021-09-19 22:17:06,-1.8333,-65.3667,79.79,81,83,2.15
363,Petersburg,US,2021-09-19 22:17:07,37.2279,-77.4019,84.76,73,75,6.91
364,Augusto Correa,BR,2021-09-19 22:17:07,-1.0217,-46.635,78.89,80,68,6.26
365,Henties Bay,NA,2021-09-19 22:17:07,-22.116,14.2845,54.86,89,1,6.78
366,Contai,IN,2021-09-19 22:17:08,21.7786,87.7536,76.51,92,100,4.16
367,Glens Falls,US,2021-09-19 22:17:08,43.3095,-73.644,71.22,62,1,1.01
368,Grand Baie,MU,2021-09-19 22:17:08,-20.0182,57.5802,70.27,66,94,1.99
369,Bentiu,SS,2021-09-19 22:17:08,9.2333,29.8333,73.74,85,55,1.07
370,San Jose Del Palmar,CO,2021-09-19 22:17:09,4.9742,-76.2283,73.06,95,99,2.71
371,Winneba,GH,2021-09-19 22:17:09,5.3511,-0.6231,79.27,93,89,7.96
372,Vargashi,RU,2021-09-19 22:17:09,55.3556,65.8467,37.4,78,90,14.47
373,Alto Araguaia,BR,2021-09-19 22:17:10,-17.3147,-53.2153,83.89,15,12,4.85
374,Krasnoselkup,RU,2021-09-19 22:17:10,65.7,82.4667,36.73,88,100,6.82
375,Shahr-E Babak,IR,2021-09-19 22:17:09,30.1165,55.1186,71.67,22,13,2.28
376,Drezdenko,PL,2021-09-19 22:17:10,52.8383,15.8308,48.15,74,58,3.58
377,Jalu,LY,2021-09-19 22:17:10,29.0331,21.5482,85.82,26,0,5.82
378,Mao,ES,2021-09-19 22:17:11,39.8885,4.2658,68.56,73,0,4.61
379,Lodja,CD,2021-09-19 22:17:11,-3.4833,23.4333,69.67,91,98,0.11
380,Conde,BR,2021-09-19 22:17:11,-7.2597,-34.9075,76.46,78,20,9.22
381,Bondoukou,CI,2021-09-19 22:17:11,8.0333,-2.8,71.71,95,63,2.91
382,Severnoye,RU,2021-09-19 22:17:12,56.3491,78.3619,35.47,97,100,10.27
383,Tanem,NO,2021-09-19 22:17:12,63.3078,10.4319,49.93,77,89,6.17
384,Longido,TZ,2021-09-19 22:17:12,-2.7333,36.6833,66.76,44,18,9.35
385,Bakani,IN,2021-09-19 22:17:13,24.2833,76.2333,73.74,93,52,7.99
386,Mumford,GH,2021-09-19 22:17:13,5.2618,-0.759,75.9,93,90,8.55
387,Zelenoborskiy,RU,2021-09-19 22:17:13,66.845,32.3622,38.89,76,7,2.06
388,Chillicothe,US,2021-09-19 22:14:10,39.3331,-82.9824,87.33,48,1,5.75
389,Bandar-E Anzali,IR,2021-09-19 22:17:13,37.4727,49.4622,69.22,76,0,0.67
390,Noyabrsk,RU,2021-09-19 22:17:14,63.1994,75.4507,33.08,93,81,9.6
391,Beyneu,KZ,2021-09-19 22:17:14,45.3167,55.2,60.13,47,100,12.62
392,Upington,ZA,2021-09-19 22:17:14,-28.4478,21.2561,61.18,29,0,5.75
393,Verkhniy Fiagdon,RU,2021-09-19 22:17:14,42.8333,44.3053,45.27,74,35,9.75
394,Bastia,FR,2021-09-19 22:17:15,42.6667,9.3333,71.4,58,20,10.0
395,Muhos,FI,2021-09-19 22:17:15,64.808,25.9931,42.58,79,96,4.07
396,Burgdorf,DE,2021-09-19 22:17:15,52.4463,10.0064,55.9,81,75,1.01
397,Sao Joao Da Barra,BR,2021-09-19 22:17:15,-21.6403,-41.0511,74.03,87,10,10.11
398,Cockburn Town,TC,2021-09-19 22:17:16,21.4612,-71.1419,84.16,70,40,10.36
399,Durusu,TR,2021-09-19 22:17:16,41.3053,28.6767,76.14,83,51,5.01
400,Ponezhukay,RU,2021-09-19 22:17:16,44.8876,39.3855,64.71,85,73,12.88
401,Carrollton,US,2021-09-19 22:13:50,32.9537,-96.8903,97.29,44,1,0.0
402,Miranda,CO,2021-09-19 22:17:16,3.2499,-76.2281,80.73,76,88,1.01
403,Marawi,PH,2021-09-19 22:16:43,7.9986,124.2928,65.64,96,100,1.36
404,Lomovka,RU,2021-09-19 22:17:17,53.9194,58.3672,29.32,95,24,4.45
405,Miquelon,PM,2021-09-19 22:17:17,47.0975,-56.3814,57.7,88,100,28.72
406,Morros,BR,2021-09-19 22:17:17,-9.4467,-46.3003,85.75,21,15,4.25
407,Saint-Leu,RE,2021-09-19 22:17:17,-21.15,55.2833,63.46,64,12,10.71
408,Tessalit,ML,2021-09-19 22:15:57,20.1986,1.0114,92.35,10,0,8.16
409,Camapua,BR,2021-09-19 22:17:18,-19.5314,-54.0439,91.8,16,55,2.75
410,Tamala,RU,2021-09-19 22:17:18,52.541,43.2515,45.3,73,100,17.63
411,Havre-Saint-Pierre,CA,2021-09-19 22:17:18,50.2334,-63.5986,53.6,82,1,14.97
412,Ouadda,CF,2021-09-19 22:17:18,8.0777,22.4007,69.28,97,100,1.95
413,Kamenka,RU,2021-09-19 22:15:52,51.3223,42.7678,51.55,56,100,19.42
414,Chhapar,IN,2021-09-19 22:17:19,27.8167,74.4,81.82,74,85,7.27
415,Marysville,US,2021-09-19 22:17:19,48.0518,-122.1771,66.94,78,90,1.01
416,Surt,LY,2021-09-19 22:17:19,31.2089,16.5887,83.43,48,0,11.97
417,Weston-Super-Mare,GB,2021-09-19 22:17:19,51.346,-2.9766,56.95,84,9,8.05
418,Guhagar,IN,2021-09-19 22:17:20,17.4842,73.1929,75.52,92,79,1.3
419,Sao Jose Da Coroa Grande,BR,2021-09-19 22:17:20,-8.8978,-35.1478,75.15,76,56,10.04
420,Bonita Springs,US,2021-09-19 22:17:20,26.3398,-81.7787,87.98,81,97,8.21
421,Kanash,RU,2021-09-19 22:17:21,55.5086,47.4956,35.19,73,94,5.95
422,Saint-Augustin,CA,2021-09-19 22:17:21,51.226,-58.6502,53.82,44,6,12.3
423,Sokoto,NG,2021-09-19 22:17:21,13.0609,5.239,77.11,71,62,3.98
424,Butterworth,MY,2021-09-19 22:17:21,5.3991,100.3638,78.84,92,40,3.44
425,Los Llanos De Aridane,ES,2021-09-19 22:16:03,28.6585,-17.9182,69.55,74,20,8.05
426,Talnakh,RU,2021-09-19 22:17:06,69.4865,88.3972,36.32,92,100,4.83
427,Vasai,IN,2021-09-19 22:17:22,19.47,72.8,78.89,88,58,4.81
428,Grand-Santi,GF,2021-09-19 22:17:22,4.25,-54.3833,79.59,74,97,2.82
429,Rantoul,US,2021-09-19 22:17:22,40.3084,-88.1559,89.62,46,1,11.5
430,Barra Do Garcas,BR,2021-09-19 22:17:22,-15.89,-52.2567,86.4,16,10,2.64
431,Zaysan,KZ,2021-09-19 22:17:23,47.4667,84.8667,62.83,28,75,10.09
432,Alberdi,AR,2021-09-19 22:17:23,-32.8899,-60.6906,66.69,81,75,1.01
433,Uyovu,TZ,2021-09-19 22:17:23,-3.2833,31.5258,66.74,74,98,3.91
434,Ballitoville,ZA,2021-09-19 22:17:23,-29.539,31.2144,64.24,88,20,6.91
435,Tabuk,PH,2021-09-19 22:17:24,17.4189,121.4443,73.71,90,98,2.19
436,Prosvet,RU,2021-09-19 22:17:24,55.5703,65.0825,36.82,74,86,12.62
437,Necochea,AR,2021-09-19 22:17:24,-38.5473,-58.7368,55.04,92,63,8.14
438,Yenagoa,NG,2021-09-19 22:17:24,4.9247,6.2642,75.96,92,99,3.49
439,Benguela,AO,2021-09-19 22:17:24,-12.5763,13.4055,70.57,83,49,5.26
440,Antofagasta,CL,2021-09-19 22:17:25,-23.65,-70.4,58.28,79,36,10.33
441,Sinazongwe,ZM,2021-09-19 22:17:25,-17.2614,27.4618,72.81,59,0,8.23
442,Rio Casca,BR,2021-09-19 22:17:25,-20.2261,-42.6508,83.37,43,25,8.19
443,Tsabong,BW,2021-09-19 22:17:26,-26.0217,22.401,68.81,20,95,4.81
444,Guasdualito,VE,2021-09-19 22:17:26,7.2424,-70.7324,79.63,86,45,1.5
445,Zofingen,CH,2021-09-19 22:17:26,47.2878,7.9459,55.71,90,100,2.3
446,Capreol,CA,2021-09-19 22:17:26,46.706,-80.9225,66.67,53,1,1.01
447,Uusikaupunki,FI,2021-09-19 22:17:27,60.8004,21.4084,45.12,83,4,10.0
448,Leua,SK,2021-09-19 22:17:27,48.2156,18.6071,51.49,80,4,5.91
449,Rena,NO,2021-09-19 22:17:27,61.1348,11.3641,43.83,74,92,2.62
450,Sabaudia,IT,2021-09-19 22:17:27,41.3003,13.0282,72.9,71,6,13.38
451,El Vendrell,ES,2021-09-19 22:17:28,41.2167,1.5333,71.67,70,20,3.94
452,Aswan,EG,2021-09-19 22:17:01,24.0934,32.907,86.31,17,1,8.43
453,Bozovici,RO,2021-09-19 22:17:28,44.9389,22.0017,56.25,63,73,3.13
454,Kidal,ML,2021-09-19 22:17:28,18.4411,1.4078,92.1,14,2,6.31
455,Paracuru,BR,2021-09-19 22:17:28,-3.41,-39.0306,80.62,76,79,14.07
456,Laukaa,RU,2021-09-19 22:17:29,58.7372,29.8453,41.97,71,100,10.76
457,Senador Jose Porfirio,BR,2021-09-19 22:17:29,-2.5908,-51.9542,80.2,74,70,1.88
458,Muravlenko,RU,2021-09-19 22:17:29,63.7898,74.523,36.5,91,99,10.56
459,Lar,IN,2021-09-19 22:17:30,26.2039,83.9717,80.46,83,82,5.23
460,Kudahuvadhoo,MV,2021-09-19 22:17:30,2.6708,72.8944,82.04,77,90,8.14
461,Pyaozerskiy,RU,2021-09-19 22:17:30,65.8333,31.1667,35.19,89,8,3.04
462,Arilje,RS,2021-09-19 22:17:30,43.7531,20.0956,65.66,83,3,4.18
463,Neman,RU,2021-09-19 22:17:31,55.0311,22.0264,44.8,72,100,12.35
464,Sao Gabriel Da Cachoeira,BR,2021-09-19 22:17:31,-0.1303,-67.0892,80.55,75,92,1.5
465,Balkanabat,TM,2021-09-19 22:17:31,39.5108,54.3671,76.64,21,0,14.85
466,Baherden,TM,2021-09-19 22:17:31,38.4362,57.4316,70.95,28,0,7.58
467,Abreus,CU,2021-09-19 22:17:32,22.2775,-80.5675,86.99,55,90,9.01
468,Ugoofaaru,MV,2021-09-19 22:17:32,5.6667,73.0,82.08,79,25,10.49
469,Manono,CD,2021-09-19 22:17:32,-7.3,27.4167,75.97,55,100,2.48
470,Duku,NG,2021-09-19 22:17:33,11.2361,4.9073,76.03,87,67,1.05
471,Kasempa,ZM,2021-09-19 22:17:33,-13.4584,25.8338,71.31,33,6,7.34
472,Chahal,GT,2021-09-19 22:17:33,15.75,-89.5667,85.84,61,77,5.1
473,Barranca,PE,2021-09-19 22:17:33,-10.75,-77.7667,62.13,75,10,12.17
474,Druzhba,UA,2021-09-19 22:17:34,52.0428,33.9453,48.94,98,100,6.78
475,Mwinilunga,ZM,2021-09-19 22:17:34,-11.7358,24.4293,71.19,30,52,2.28
476,Sayyan,YE,2021-09-19 22:17:34,15.1718,44.3244,64.49,38,42,2.06
477,Halifax,CA,2021-09-19 22:15:59,44.6453,-63.5724,63.09,67,0,5.99
478,Carora,VE,2021-09-19 22:17:34,10.1755,-70.0827,84.76,52,85,2.35
479,Honningsvag,NO,2021-09-19 22:17:11,70.9821,25.9704,38.73,77,89,24.7
480,Tias,ES,2021-09-19 22:17:35,28.9611,-13.645,71.35,68,40,8.05
481,Xuddur,SO,2021-09-19 22:17:35,4.1213,43.8894,72.91,75,75,18.12
482,Saint-Georges,GD,2021-09-19 22:17:35,12.0564,-61.7485,83.88,74,20,0.0
483,Trani,IT,2021-09-19 22:17:35,41.2727,16.4154,77.32,61,0,4.85
484,Ilieni,RO,2021-09-19 22:17:36,45.8,25.7667,53.56,81,51,0.98
485,Plouzane,FR,2021-09-19 22:17:36,48.3833,-4.6167,58.08,90,0,4.61
486,Novorzhev,RU,2021-09-19 22:17:36,57.0294,29.3338,40.15,86,100,11.99
487,Lugovoy,KZ,2021-09-19 22:17:37,42.9472,72.7644,56.08,36,33,2.91
488,Shubarkuduk,KZ,2021-09-19 22:17:37,49.1447,56.4872,42.37,46,20,6.91
489,Yining,CN,2021-09-19 22:17:37,29.0361,114.5636,71.28,98,100,3.29
490,Igrim,RU,2021-09-19 22:17:37,63.1906,64.4162,34.0,95,100,12.71
491,Vestmanna,FO,2021-09-19 22:17:38,62.1564,-7.1664,50.92,100,90,10.36
492,Zhanaozen,KZ,2021-09-19 22:17:38,43.3,52.8,66.43,35,85,20.11
493,Gukovo,RU,2021-09-19 22:17:38,48.0531,39.9311,60.44,95,100,12.44
494,Cozumel,MX,2021-09-19 22:14:16,20.5083,-86.9458,88.0,75,40,3.0
495,Hella,NO,2021-09-19 22:17:39,67.2,14.4333,49.87,66,0,14.97
496,Siyabuswa,ZA,2021-09-19 22:17:39,-25.1132,29.0445,62.47,43,0,3.04
497,Gazojak,TM,2021-09-19 22:17:39,41.1875,61.4036,61.84,29,0,12.26
498,Gao,ML,2021-09-19 22:17:39,16.6362,1.637,96.49,22,69,9.71
499,Florham Park,US,2021-09-19 22:17:40,40.7879,-74.3882,76.59,56,1,4.61
500,Novyy Svit,UA,2021-09-19 22:17:40,47.8059,38.0211,59.94,89,65,5.77
501,Murashi,RU,2021-09-19 22:17:40,59.3999,48.9615,35.24,77,100,5.08
502,Vredendal,ZA,2021-09-19 22:17:41,-31.6683,18.5012,55.33,90,47,7.54
503,Krasnyy Yar,RU,2021-09-19 22:17:41,46.5331,48.3456,57.13,65,42,11.41
504,Ajdabiya,LY,2021-09-19 22:17:41,30.7554,20.2263,83.3,31,0,10.11
505,Tazovskiy,RU,2021-09-19 22:17:41,67.4667,78.7,33.03,96,100,19.8
506,Adrar,MR,2021-09-19 22:17:41,20.5022,-10.0711,92.86,23,3,19.33
507,Carballo,ES,2021-09-19 22:17:42,43.213,-8.691,61.9,91,63,4.27
508,Etampes,FR,2021-09-19 22:17:42,48.4333,2.15,62.42,94,100,9.98
509,Valparaiso,CL,2021-09-19 22:17:42,-33.0393,-71.6273,60.44,62,20,11.5
510,Arandis,NA,2021-09-19 22:17:42,-22.4167,14.9667,48.47,71,1,2.57
511,Villazon,BO,2021-09-19 22:17:43,-22.0866,-65.5942,65.68,21,59,14.5
512,Gashua,NG,2021-09-19 22:17:43,12.871,11.0482,84.96,49,39,10.42
513,Ivanteyevka,RU,2021-09-19 22:17:43,55.9711,37.9208,43.14,80,100,16.04
514,Kapoeta,SS,2021-09-19 22:14:10,4.7717,33.5903,75.38,65,30,1.72
515,Terrak,NO,2021-09-19 22:17:44,65.087,12.3715,51.67,71,54,9.64
516,Neuquen,AR,2021-09-19 22:14:37,-38.9516,-68.0591,64.29,22,0,8.05
517,Terra Santa,BR,2021-09-19 22:17:44,-2.1042,-56.4869,84.2,56,45,3.42
518,Taoudenni,ML,2021-09-19 22:17:44,22.6783,-3.9836,99.75,10,0,6.33
519,Verkhneyarkeyevo,RU,2021-09-19 22:17:45,55.4505,54.3145,35.4,75,49,5.1
520,Birao,CF,2021-09-19 22:17:45,10.2849,22.7882,73.09,89,100,3.65
521,Pimentel,PE,2021-09-19 22:17:45,-6.8367,-79.9342,66.49,68,0,24.16
522,Key West,US,2021-09-19 22:16:05,24.5557,-81.7826,89.6,69,40,4.61
523,Nakasongola,UG,2021-09-19 22:17:45,1.3089,32.4564,63.27,98,53,1.63
524,Chalmette,US,2021-09-19 22:15:49,29.9427,-89.9634,86.0,72,1,4.0
525,Jeremie,HT,2021-09-19 22:17:07,18.65,-74.1167,83.71,64,48,5.7
526,Grindavik,IS,2021-09-19 22:17:46,63.8424,-22.4338,48.67,100,90,25.32
527,Richards Bay,ZA,2021-09-19 22:17:46,-28.783,32.0377,65.84,68,70,17.18
528,Sorland,NO,2021-09-19 22:17:46,67.667,12.6934,52.23,78,100,11.23
529,Isiolo,KE,2021-09-19 22:17:46,0.3546,37.5822,70.25,48,48,14.58
530,Yanam,IN,2021-09-19 22:17:47,16.7333,82.2167,77.0,92,100,3.33
531,Koulikoro,ML,2021-09-19 22:17:47,14.0,-7.75,83.43,44,77,5.23
532,Pafos,CY,2021-09-19 22:17:47,34.7667,32.4167,76.91,60,0,6.91
533,Mundgod,IN,2021-09-19 22:17:47,14.9667,75.0333,68.95,98,100,5.06
534,Kozhva,RU,2021-09-19 22:17:48,65.1073,57.0459,33.94,85,27,12.44
535,Arlit,NE,2021-09-19 22:17:48,18.7369,7.3853,95.09,12,47,6.82
536,Lidkoping,SE,2021-09-19 22:17:48,58.5052,13.1577,48.9,86,84,7.34
537,Moroni,KM,2021-09-19 22:17:48,-11.7022,43.2551,73.72,79,3,14.61
538,Quatre Cocos,MU,2021-09-19 22:16:08,-20.2078,57.7625,69.91,61,87,11.21
539,Uyuni,BO,2021-09-19 22:17:49,-20.4597,-66.825,60.35,21,23,10.76
540,Unai,BR,2021-09-19 22:17:49,-16.3575,-46.9061,83.17,20,42,4.21
541,La Crau,FR,2021-09-19 22:17:49,43.1498,6.0743,67.5,59,0,11.99
542,Paita,PE,2021-09-19 22:17:49,-5.0892,-81.1144,66.24,78,27,19.48
543,Santa Maria,BR,2021-09-19 22:17:50,-29.6842,-53.8069,69.33,96,92,6.76
544,Laguna,US,2021-09-19 22:17:50,38.421,-121.4238,84.06,35,1,4.0
545,Rognan,NO,2021-09-19 22:17:50,67.0953,15.3878,49.87,66,61,8.81
546,Chicama,PE,2021-09-19 22:17:16,-7.8447,-79.1469,61.34,71,21,9.8
547,Silvassa,IN,2021-09-19 22:17:50,20.2667,73.0167,74.82,97,90,4.74
548,Carolina,PR,2021-09-19 22:17:19,18.3808,-65.9574,84.09,74,40,9.22
549,Dundalk,US,2021-09-19 22:17:51,39.2507,-76.5205,81.12,54,1,4.0
550,Port Antonio,JM,2021-09-19 22:17:51,18.18,-76.4612,84.94,72,99,4.83
551,Praia Da Vitoria,PT,2021-09-19 22:15:45,38.7333,-27.0667,70.05,83,75,10.4
552,Diu,IN,2021-09-19 22:15:45,20.7141,70.9822,78.67,91,59,9.17
553,Qaanaaq,GL,2021-09-19 22:15:01,77.484,-69.3632,14.61,89,92,6.96
554,Trairi,BR,2021-09-19 22:14:52,-3.2778,-39.2689,78.6,75,71,12.37
555,Salalah,OM,2021-09-19 22:15:46,17.0151,54.0924,80.69,89,75,5.75
556,Goianesia,BR,2021-09-19 22:15:46,-15.3175,-49.1175,85.03,14,11,5.32
557,Ushuaia,AR,2021-09-19 22:15:46,-54.8,-68.3,42.46,81,40,3.44
558,Zemio,CF,2021-09-19 22:15:47,5.0314,25.1361,71.56,93,100,3.13
559,Comodoro Rivadavia,AR,2021-09-19 22:15:14,-45.8667,-67.5,51.66,62,0,8.05
560,Matara,LK,2021-09-19 22:15:47,5.9485,80.5353,77.97,89,42,6.76
561,Qaqortoq,GL,2021-09-19 22:15:47,60.7167,-46.0333,43.3,86,31,10.56
562,Plettenberg Bay,ZA,2021-09-19 22:15:48,-34.0527,23.3716,55.65,87,41,4.99
563,Sisimiut,GL,2021-09-19 22:15:27,66.9395,-53.6735,33.49,59,100,10.0
564,Salinas,US,2021-09-19 22:13:04,36.6777,-121.6555,83.98,64,1,18.41
565,Tekeli,KZ,2021-09-19 22:15:48,44.83,78.8239,51.57,37,73,0.45
566,Peterhead,GB,2021-09-19 22:15:48,57.5058,-1.7981,54.72,94,35,6.35
567,Magaria,NE,2021-09-19 22:15:48,12.9983,8.9099,84.47,51,15,10.58
568,Ribeira Grande,PT,2021-09-19 22:15:49,38.5167,-28.7,69.78,66,33,9.71
569,Burgos,ES,2021-09-19 22:15:49,42.3394,-3.7079,54.01,87,0,6.91
570,Busselton,AU,2021-09-19 22:15:49,-33.65,115.3333,44.1,82,0,11.68
571,Gat,IL,2021-09-19 22:15:49,31.61,34.7642,77.4,65,0,4.85
572,Hermanus,ZA,2021-09-19 22:15:50,-34.4187,19.2345,56.89,78,0,12.46
573,Souillac,MU,2021-09-19 22:15:50,-20.5167,57.5167,70.18,56,40,6.91
574,Nola,IT,2021-09-19 22:15:50,40.922,14.5329,75.61,72,0,4.63
575,Malakal,SS,2021-09-19 22:15:50,9.5334,31.6605,73.17,87,88,1.99
576,Mar Del Plata,AR,2021-09-19 22:15:01,-38.0023,-57.5575,57.22,94,90,10.36
577,Onda,ES,2021-09-19 22:15:51,39.9667,-0.25,69.3,74,7,3.06
578,Marfino,RU,2021-09-19 22:15:51,55.7028,37.3822,42.75,93,75,17.9
579,Torbay,CA,2021-09-19 22:15:51,47.6666,-52.7314,58.75,97,90,11.5
580,Bredasdorp,ZA,2021-09-19 22:15:51,-34.5322,20.0403,52.92,82,0,3.44
581,Mehamn,NO,2021-09-19 22:15:52,71.0357,27.8492,44.51,81,0,13.8
582,Ponta Do Sol,PT,2021-09-19 22:15:52,32.6667,-17.1,74.03,68,94,5.44
583,Upernavik,GL,2021-09-19 22:14:53,72.7868,-56.1549,25.43,60,67,6.91
584,Bardejov,SK,2021-09-19 22:15:52,49.2918,21.2727,53.28,82,100,4.52
585,Touros,BR,2021-09-19 22:15:15,-5.1989,-35.4608,77.9,78,100,18.3
586,Pangnirtung,CA,2021-09-19 22:15:53,66.1451,-65.7125,33.19,76,95,11.16
587,Ngudu,TZ,2021-09-19 22:15:53,-2.9667,33.3333,69.31,78,85,3.91
588,Luderitz,NA,2021-09-19 22:15:25,-26.6481,15.1594,54.59,85,0,9.53
589,Arraial Do Cabo,BR,2021-09-19 22:15:53,-22.9661,-42.0278,73.26,88,75,4.61
590,Koboko,UG,2021-09-19 22:15:53,3.4136,30.9599,63.55,87,7,2.01
591,Bambous Virieux,MU,2021-09-19 22:15:54,-20.3428,57.7575,70.05,56,40,6.91
592,Mehriz,IR,2021-09-19 22:15:54,31.5917,54.4318,73.9,13,18,5.55
593,Huarmey,PE,2021-09-19 22:15:54,-10.0681,-78.1522,64.4,74,5,12.17
594,Mahebourg,MU,2021-09-19 22:15:54,-20.4081,57.7,70.09,56,40,6.91
595,Sao Filipe,CV,2021-09-19 22:15:55,14.8961,-24.4956,80.06,81,96,12.28
596,Ostrovnoy,RU,2021-09-19 22:15:50,68.0531,39.5131,36.81,79,26,6.67
597,Paamiut,GL,2021-09-19 22:15:55,61.994,-49.6678,36.79,83,91,7.67
598,Port Alfred,ZA,2021-09-19 22:15:55,-33.5906,26.891,60.98,82,74,9.28
599,Itarema,BR,2021-09-19 22:15:55,-2.9248,-39.9167,78.46,76,97,16.58
600,Abu Zabad,SD,2021-09-19 22:15:56,12.35,29.25,77.94,68,94,5.48
601,Gunjur,GM,2021-09-19 22:15:56,13.2019,-16.7339,75.27,94,75,0.0
602,Oparino,RU,2021-09-19 22:15:56,59.8518,48.2783,35.56,79,100,5.32
603,Coquimbo,CL,2021-09-19 22:13:43,-29.9533,-71.3436,58.73,72,20,11.5
604,Florida,US,2021-09-19 22:15:56,28.7505,-82.5001,84.9,78,1,4.61
605,Sekoma,BW,2021-09-19 22:15:57,-24.4,23.8833,70.9,38,25,12.17
606,Cidreira,BR,2021-09-19 22:15:57,-30.1811,-50.2056,66.76,97,89,16.82
607,Nador,MA,2021-09-19 22:15:57,35.174,-2.9287,71.85,73,20,3.44
608,Kyzyl-Suu,KG,2021-09-19 22:15:57,42.3414,78.0056,55.09,45,0,3.49
609,Manitouwadge,CA,2021-09-19 22:15:58,49.1215,-85.8403,70.52,67,98,17.65
610,Rawson,AR,2021-09-19 22:15:58,-43.3002,-65.1023,55.08,47,69,6.06
611,Kargasok,RU,2021-09-19 22:15:58,59.0556,80.8572,36.43,97,100,7.78
612,Hambantota,LK,2021-09-19 22:15:59,6.1241,81.1185,79.54,85,36,11.86
613,Bengkulu,ID,2021-09-19 22:15:59,-3.8004,102.2655,73.47,90,93,2.71
614,East London,ZA,2021-09-19 22:12:33,-33.0153,27.9116,61.81,83,13,12.5
615,Mayen,DE,2021-09-19 22:15:59,50.3333,7.2167,56.14,86,74,0.87
616,Dzerzhinsk,RU,2021-09-19 22:13:56,56.2389,43.4631,40.82,70,0,6.71
617,Kondinskoye,RU,2021-09-19 22:15:59,59.6481,67.41,35.58,97,100,14.09
618,Jacareacanga,BR,2021-09-19 22:15:26,-6.2222,-57.7528,82.09,60,85,1.1
619,Grand Gaube,MU,2021-09-19 22:16:00,-20.0064,57.6608,70.2,66,93,1.99
620,Saint Anthony,US,2021-09-19 22:16:00,45.0205,-93.218,89.92,44,1,5.99
621,Roald,NO,2021-09-19 22:16:00,62.5833,6.1333,58.15,88,90,5.75
622,Punta Arenas,CL,2021-09-19 22:12:18,-53.15,-70.9167,42.91,87,90,17.27
623,San Cristobal,VE,2021-09-19 22:12:38,7.7669,-72.225,77.18,86,65,3.53
624,Vila Franca Do Campo,PT,2021-09-19 22:15:23,37.7167,-25.4333,68.41,74,73,8.88
625,Sinnamary,GF,2021-09-19 22:16:01,5.3833,-52.95,80.91,79,85,10.2
626,Lembeni,TZ,2021-09-19 22:16:01,-3.7833,37.6167,65.88,74,5,3.31
627,Saint-Philippe,RE,2021-09-19 22:16:01,-21.3585,55.7679,63.99,69,5,6.49
628,Salme,NP,2021-09-19 22:16:02,28.0369,85.0942,66.49,90,55,2.64
629,Abu Samrah,SY,2021-09-19 22:16:02,35.3029,37.1841,73.96,45,0,5.66
630,Boa Vista,BR,2021-09-19 22:16:02,2.8197,-60.6733,80.58,89,75,4.61
631,Serov,RU,2021-09-19 22:16:02,59.6033,60.5787,33.24,81,82,8.14
632,Mbanza-Ngungu,CD,2021-09-19 22:16:03,-5.25,14.8667,72.55,63,61,2.82
633,Tiznit,MA,2021-09-19 22:15:58,29.5833,-9.5,63.9,86,87,3.0
634,Bathsheba,BB,2021-09-19 22:15:03,13.2167,-59.5167,83.01,69,20,8.05
635,Georgetown,MY,2021-09-19 22:15:45,5.4112,100.3354,78.73,93,40,3.44
636,Ouesso,CG,2021-09-19 22:16:03,1.6136,16.0517,69.28,99,100,2.26
637,Sabha,LY,2021-09-19 22:16:03,27.0377,14.4283,84.43,21,0,8.55
638,Washington,US,2021-09-19 22:13:26,47.5001,-120.5015,68.58,36,24,9.82
639,Japura,ID,2021-09-19 22:16:04,-0.3167,102.35,70.11,95,86,1.57
640,Jamestown,US,2021-09-19 22:15:21,42.097,-79.2353,74.52,49,1,4.61
641,Cape Town,ZA,2021-09-19 22:14:10,-33.9258,18.4232,57.11,89,41,1.01
642,Bonthe,SL,2021-09-19 22:16:04,7.5264,-12.505,76.3,90,100,5.1
643,Velizh,RU,2021-09-19 22:16:04,55.6056,31.1967,38.59,98,100,12.44
644,Zhezkazgan,KZ,2021-09-19 22:16:05,47.8043,67.7144,44.11,43,0,5.17
645,Maxixe,MZ,2021-09-19 22:16:05,-23.8597,35.3472,65.34,69,0,9.08
646,Karoi,ZW,2021-09-19 22:16:05,-16.8099,29.6925,59.23,73,0,6.64
647,Longyearbyen,SJ,2021-09-19 22:15:42,78.2186,15.6401,39.04,93,75,2.3
648,Ghanzi,BW,2021-09-19 22:16:05,-21.5667,21.7833,71.67,33,9,7.09
649,Dingle,PH,2021-09-19 22:16:06,10.9995,122.6711,75.0,91,100,2.42
650,Itatskiy,RU,2021-09-19 22:16:06,56.07,89.0369,42.33,91,68,7.09
651,Cap Malheureux,MU,2021-09-19 22:16:06,-19.9842,57.6142,70.29,66,95,1.99
652,Kavaratti,IN,2021-09-19 22:16:07,10.5669,72.642,81.45,80,100,12.1
653,Verrettes,HT,2021-09-19 22:16:07,19.05,-72.4667,81.79,77,50,5.06
654,Hit,IQ,2021-09-19 22:16:07,33.6416,42.8251,83.12,24,0,7.58
655,Naryan-Mar,RU,2021-09-19 22:16:07,67.6713,53.087,38.44,75,100,8.88
656,Hithadhoo,MV,2021-09-19 22:16:08,-0.6,73.0833,81.66,78,100,4.63
657,Inongo,CD,2021-09-19 22:16:08,-1.95,18.2667,67.44,95,98,3.76
658,Kismayo,SO,2021-09-19 22:14:03,-0.3582,42.5454,76.75,80,1,19.1
659,Envira,BR,2021-09-19 22:16:08,-7.3,-70.2167,83.89,63,31,2.37
660,Corinto,GR,2021-09-19 22:12:12,37.9407,22.9573,80.76,67,0,6.42
661,Dikson,RU,2021-09-19 22:14:20,73.5069,80.5464,35.56,77,100,19.84
662,Ambanja,MG,2021-09-19 22:16:08,-13.6833,48.45,72.36,94,100,3.27
663,Kayerkan,RU,2021-09-19 22:16:09,69.3497,87.7602,32.76,94,100,16.51
664,Englewood,US,2021-09-19 22:12:54,39.6478,-104.9878,91.38,21,20,1.01
665,Tasiilaq,GL,2021-09-19 22:16:09,65.6145,-37.6368,35.76,75,84,1.97
666,Kutum,SD,2021-09-19 22:16:09,14.2,24.6667,79.59,37,42,7.36
667,Nanortalik,GL,2021-09-19 22:16:10,60.1432,-45.2371,37.76,87,51,9.62
668,Vestmannaeyjar,IS,2021-09-19 22:16:10,63.4427,-20.2734,50.16,91,99,32.06
669,Roxana,CR,2021-09-19 22:16:10,10.2753,-83.7513,87.96,63,28,5.44
670,Tocopilla,CL,2021-09-19 22:11:53,-22.092,-70.1979,63.54,71,79,11.45
671,Hobyo,SO,2021-09-19 22:16:10,5.3505,48.5268,76.96,84,97,25.59
672,Margate,GB,2021-09-19 22:16:11,51.3813,1.3862,63.3,92,100,8.01
673,Sao Felix Do Xingu,BR,2021-09-19 22:16:11,-6.6447,-51.995,83.46,42,53,2.1
674,Victoria,HK,2021-09-19 22:14:03,22.2855,114.1577,85.32,85,21,4.74
675,Atar,MR,2021-09-19 22:16:11,20.5169,-13.0499,90.37,37,74,19.44
676,Port Elizabeth,ZA,2021-09-19 22:13:02,-33.918,25.5701,53.1,87,22,8.68
677,Mastic Beach,US,2021-09-19 22:16:12,40.7668,-72.8521,76.03,68,1,5.01
678,Olafsvik,IS,2021-09-19 22:14:49,64.8945,-23.7142,48.4,88,100,19.39
679,Chuy,UY,2021-09-19 22:16:12,-33.6971,-53.4616,61.5,97,100,8.52
680,Vila Velha,BR,2021-09-19 22:14:34,-20.3297,-40.2925,76.95,83,75,2.3
681,Lagoa,PT,2021-09-19 22:16:07,39.05,-27.9833,68.65,63,57,11.83
682,Viedma,AR,2021-09-19 22:16:12,-40.8135,-62.9967,52.97,85,84,11.56
683,Aksay,RU,2021-09-19 22:16:12,47.26,39.87,62.82,87,100,5.88
684,Yar-Sale,RU,2021-09-19 22:16:13,66.8333,70.8333,30.33,85,69,21.81
685,Nalut,LY,2021-09-19 22:16:13,30.3333,10.85,84.06,17,0,8.12
686,Muzhi,RU,2021-09-19 22:16:13,65.3667,64.6667,30.61,88,66,10.07
687,Narsaq,GL,2021-09-19 22:16:13,60.9167,-46.05,43.02,84,70,3.0
688,Panaba,MX,2021-09-19 22:16:14,21.2833,-88.2667,89.01,56,65,16.71
689,Pisco,PE,2021-09-19 22:16:14,-13.7,-76.2167,63.01,77,0,21.85
690,Tutoia,BR,2021-09-19 22:16:14,-2.7619,-42.2744,79.29,80,87,13.24
691,Riyadh,SA,2021-09-19 22:16:15,24.6877,46.7219,84.34,21,0,5.68
692,Salinopolis,BR,2021-09-19 22:16:15,-0.6136,-47.3561,80.51,79,82,12.41
693,Szecseny,HU,2021-09-19 22:16:15,48.0806,19.5202,49.77,93,5,2.44
694,Saldanha,ZA,2021-09-19 22:16:15,-33.0117,17.9442,57.25,80,87,8.23
695,Kruisfontein,ZA,2021-09-19 22:16:16,-34.0033,24.7314,50.88,91,47,6.02
696,Kashi,CN,2021-09-19 22:16:16,39.4547,75.9797,75.22,16,0,11.18
697,Puerto Del Rosario,ES,2021-09-19 22:16:16,28.5004,-13.8627,73.15,64,39,10.36
698,Nuuk,GL,2021-09-19 22:14:00,64.1835,-51.7216,36.21,64,75,5.75
699,Gangarampur,IN,2021-09-19 22:16:16,25.4,88.5167,77.83,94,12,6.73
700,San Carlos De Bariloche,AR,2021-09-19 22:16:17,-41.1456,-71.3082,47.95,43,20,18.41
701,Sandur,IN,2021-09-19 22:16:17,15.1,76.55,73.22,87,100,6.6
702,Castro,BR,2021-09-19 22:16:17,-24.7911,-50.0119,65.7,94,58,5.82
703,Ilhabela,BR,2021-09-19 22:12:44,-23.7781,-45.3581,71.17,94,48,6.2
704,Boromo,BF,2021-09-19 22:16:18,11.75,-2.9333,78.57,70,27,4.36
705,Taltal,CL,2021-09-19 22:14:46,-25.4,-70.4833,61.27,76,19,5.86
706,Dhidhdhoo,MV,2021-09-19 22:16:18,6.8833,73.1,81.54,81,100,11.63
707,Camacha,PT,2021-09-19 22:16:18,33.0833,-16.3333,70.56,68,75,13.8
708,Peredovaya,RU,2021-09-19 22:16:18,44.1172,41.4756,55.67,78,80,5.17
709,Palanga,LT,2021-09-19 22:16:19,55.9175,21.0686,40.95,74,23,13.96
710,Rovaniemi,FI,2021-09-19 22:16:19,66.5,25.7167,42.21,65,90,4.61
711,Lasa,IT,2021-09-19 22:16:19,46.6166,10.7002,54.01,99,100,5.39
712,Jinka,ET,2021-09-19 22:16:19,5.65,36.65,64.96,77,24,2.3
713,Lebu,CL,2021-09-19 22:14:39,-37.6167,-73.65,51.12,73,1,17.56
714,Venice,US,2021-09-19 22:16:20,27.0998,-82.4543,87.98,75,20,9.22
715,Andapa,MG,2021-09-19 22:16:20,-14.65,49.65,64.09,99,100,1.1
716,Bilma,NE,2021-09-19 22:16:20,18.6853,12.9164,88.95,13,21,4.97
717,Oistins,BB,2021-09-19 22:14:43,13.0667,-59.5333,82.49,69,20,8.05
718,Belyy Yar,RU,2021-09-19 22:16:21,53.6039,91.3903,51.69,66,0,4.47
719,Yekaterinovka,RU,2021-09-19 22:16:21,52.0508,44.3451,49.3,44,100,15.3
720,Cayenne,GF,2021-09-19 22:16:21,4.9333,-52.3333,84.09,77,0,3.0
721,Codrington,AU,2021-09-19 22:15:00,-38.2667,141.9667,47.17,81,46,21.94
722,Kathmandu,NP,2021-09-19 22:15:04,27.7167,85.3167,71.82,94,75,2.3
723,Nieuw Amsterdam,SR,2021-09-19 22:16:22,5.8833,-55.0833,80.76,87,75,11.5
724,Abu Dhabi,AE,2021-09-19 22:12:16,24.4667,54.3667,89.71,70,0,3.44
725,Gazli,UZ,2021-09-19 22:16:22,40.1333,63.45,67.35,23,0,17.54
726,Icod De Los Vinos,ES,2021-09-19 22:16:22,28.3724,-16.7119,73.47,78,35,9.55
727,Igbo Ora,NG,2021-09-19 22:16:22,7.4333,3.2833,73.81,95,98,4.27
728,Portree,GB,2021-09-19 22:16:24,57.4129,-6.1942,51.53,93,11,6.98
729,Chipiona,ES,2021-09-19 22:16:25,36.7366,-6.437,72.66,78,0,2.3
730,Aqtobe,KZ,2021-09-19 22:16:25,50.2797,57.2072,28.49,64,0,0.0
731,Bongandanga,CD,2021-09-19 22:16:25,1.5,21.05,69.17,98,14,2.53
732,Ordu,TR,2021-09-19 22:16:25,40.9086,37.6845,55.9,87,18,5.7
733,Zwedru,LR,2021-09-19 22:16:26,6.0667,-8.1281,72.21,99,100,3.27
734,Marzuq,YE,2021-09-19 22:16:26,14.4,46.4667,79.61,34,90,1.63
735,Visby,SE,2021-09-19 22:16:26,57.6409,18.296,52.95,76,90,8.05
736,Urlati,RO,2021-09-19 22:16:26,44.9833,26.2333,64.35,61,2,4.32
737,Hammerfest,NO,2021-09-19 22:11:50,70.6634,23.6821,46.85,66,0,8.05
738,Mantua,IT,2021-09-19 22:16:27,45.1667,10.7833,63.72,85,74,1.99
739,Icatu,BR,2021-09-19 22:16:27,-2.7758,-44.0658,81.03,79,78,9.22
740,Dharchula,IN,2021-09-19 22:16:27,29.85,80.5333,71.08,96,72,0.72
741,Antsohihy,MG,2021-09-19 22:16:27,-14.8796,47.9875,73.17,73,100,7.05
742,Husavik,IS,2021-09-19 22:15:35,66.0449,-17.3389,46.31,87,99,4.92
743,Tromso,NO,2021-09-19 22:16:28,69.6496,18.957,44.62,81,0,4.61
744,Kadom,RU,2021-09-19 22:16:28,54.5592,42.4675,42.64,83,100,12.88
745,Prado,BR,2021-09-19 22:16:28,-17.3411,-39.2208,73.44,79,43,9.33
746,Nantucket,US,2021-09-19 22:14:39,41.2835,-70.0995,66.96,68,1,13.8
747,Chapais,CA,2021-09-19 22:15:25,49.7834,-74.8492,58.78,52,48,5.1
748,Bonfim,BR,2021-09-19 22:16:29,3.0833,-59.95,83.01,68,83,2.98
749,Axim,GH,2021-09-19 22:16:29,4.8699,-2.2405,75.45,92,14,7.25
750,Clyde River,CA,2021-09-19 22:15:36,70.4692,-68.5914,30.74,59,78,2.15
751,Jumla,NP,2021-09-19 22:16:29,29.2747,82.1838,57.87,91,22,2.51
752,Christiansburg,US,2021-09-19 22:16:30,37.1298,-80.4089,82.6,75,90,4.61
753,Cap Estate,LC,2021-09-19 22:16:30,14.0833,-60.95,83.86,70,20,6.91
754,Bonavista,CA,2021-09-19 22:16:30,48.6499,-53.1147,53.6,97,100,18.07
755,Tevriz,RU,2021-09-19 22:16:30,57.509,72.4042,34.57,97,100,8.88
756,Marsh Harbour,BS,2021-09-19 22:16:31,26.5412,-77.0636,83.73,68,78,8.75
757,Catacamas,HN,2021-09-19 22:16:31,14.8,-85.9,87.3,55,92,6.87
758,Faya,SA,2021-09-19 22:16:31,18.3851,42.4509,68.11,21,74,5.82
759,Saint George,US,2021-09-19 22:13:04,37.1041,-113.5841,94.62,15,1,3.0
760,Voyinka,UA,2021-09-19 22:16:31,45.8699,33.9914,63.34,73,4,12.24
761,Kunda,IN,2021-09-19 22:16:32,25.7167,81.5167,79.34,81,8,2.8
762,Virginia Beach,US,2021-09-19 22:12:21,36.8529,-75.978,80.62,75,40,10.36
763,Lichinga,MZ,2021-09-19 22:16:32,-13.3128,35.2406,57.81,70,5,6.51
764,Weligama,LK,2021-09-19 22:16:32,5.9667,80.4167,78.26,88,42,6.69
765,Knysna,ZA,2021-09-19 22:16:33,-34.0363,23.0471,59.38,89,34,3.69
766,Vardo,NO,2021-09-19 22:16:33,70.3705,31.1107,43.0,76,100,22.79
767,Fort William,GB,2021-09-19 22:16:33,56.8165,-5.1121,50.79,94,15,2.53
768,Oulainen,FI,2021-09-19 22:16:33,64.2667,24.8,43.27,73,100,3.8
769,Araguacu,BR,2021-09-19 22:16:34,-12.9306,-49.8264,90.9,15,8,1.45
770,Marathon,US,2021-09-19 22:14:13,44.9,-89.7668,85.53,58,1,1.01
771,Geraldton,AU,2021-09-19 22:16:34,-28.7667,114.6,55.81,76,0,11.5
772,Oranjemund,NA,2021-09-19 22:16:34,-28.55,16.4333,55.74,86,12,3.09
773,Iqaluit,CA,2021-09-19 22:16:20,63.7506,-68.5145,35.33,75,40,13.8
774,Doha,QA,2021-09-19 22:16:20,25.2867,51.5333,89.58,74,0,4.61
775,Turiacu,BR,2021-09-19 22:16:34,-1.6633,-45.3717,75.81,85,80,5.48
776,Klaksvik,FO,2021-09-19 22:16:35,62.2266,-6.589,52.72,87,46,9.17
777,Pio Ix,BR,2021-09-19 22:16:35,-6.8375,-40.5792,86.07,28,79,5.1
778,Padang,ID,2021-09-19 22:16:35,-0.9492,100.3543,75.25,84,97,3.58
779,Saint-Pierre,RE,2021-09-19 22:16:35,-21.3393,55.4781,64.08,68,75,10.36
780,Buncrana,IE,2021-09-19 22:16:36,55.1333,-7.45,48.94,94,18,5.08
781,Vuktyl,RU,2021-09-19 22:16:36,63.8567,57.3094,36.03,77,86,13.31
782,Novo Aripuana,BR,2021-09-19 22:16:36,-5.1206,-60.3797,82.6,60,72,1.92
783,Aland,IN,2021-09-19 22:16:37,17.5667,76.5667,76.84,81,100,10.22
784,Tukrah,LY,2021-09-19 22:16:37,32.5341,20.5791,82.29,38,0,3.87
785,Pangody,RU,2021-09-19 22:16:37,65.85,74.4859,36.7,96,100,15.86
786,Hell,NO,2021-09-19 22:16:37,63.4455,10.9033,51.71,62,0,8.05
787,Haveri,IN,2021-09-19 22:16:38,14.8,75.4,69.3,97,100,7.31
788,Turayf,SA,2021-09-19 22:16:38,31.6725,38.6637,70.05,28,0,0.0
789,Maldonado,UY,2021-09-19 22:16:38,-34.6667,-54.9167,62.22,95,100,11.23
790,Mabaruma,GY,2021-09-19 22:16:38,8.2,-59.7833,78.58,79,90,4.09
791,Ambilobe,MG,2021-09-19 22:16:02,-13.2,49.05,73.29,76,91,5.95
792,Port Blair,IN,2021-09-19 22:16:39,11.6667,92.75,79.97,84,100,2.55
793,Vila Do Maio,CV,2021-09-19 22:16:39,15.1333,-23.2167,79.59,86,80,10.76
794,Luxor,EG,2021-09-19 22:16:39,25.6989,32.6421,86.22,15,5,6.15
795,Pudozh,RU,2021-09-19 22:16:39,61.8099,36.5345,33.35,92,7,4.32
796,Walvis Bay,NA,2021-09-19 22:16:40,-22.9575,14.5053,55.09,76,4,2.3
797,Garowe,SO,2021-09-19 22:16:40,8.4054,48.4845,77.02,66,76,8.08
798,Douglas,US,2021-09-19 22:16:40,41.3,-96.167,90.7,50,1,8.01
799,Lucapa,AO,2021-09-19 22:16:40,-8.4192,20.7447,68.52,79,83,2.89
800,Chikwawa,MW,2021-09-19 22:16:41,-16.0335,34.8009,67.26,59,5,2.17
801,Masumbwe,TZ,2021-09-19 22:16:41,-3.6333,32.1833,69.8,69,100,2.33
802,Araouane,ML,2021-09-19 22:16:41,18.9048,-3.5265,97.9,13,7,8.81
803,Dalvik,IS,2021-09-19 22:16:42,65.9702,-18.5286,46.33,88,100,3.65
804,Carnarvon,AU,2021-09-19 22:15:06,-24.8667,113.6333,57.27,54,0,10.36
805,Schwedt,DE,2021-09-19 22:16:42,53.0596,14.2815,57.58,55,100,7.65
806,Muros,ES,2021-09-19 22:16:42,42.7762,-9.0603,64.24,88,52,10.85
807,Santa Vitoria Do Palmar,BR,2021-09-19 22:14:20,-33.5189,-53.3681,62.01,97,100,9.1
808,Andenes,NO,2021-09-19 22:16:42,69.3143,16.1194,46.38,76,90,6.91
809,Carutapera,BR,2021-09-19 22:16:20,-1.195,-46.02,78.93,79,81,8.34
810,Penzance,GB,2021-09-19 22:16:43,50.1186,-5.5371,58.77,80,7,13.96
811,Arauco,CL,2021-09-19 22:16:43,-37.2463,-73.3175,55.42,64,4,11.59
812,Port-Gentil,GA,2021-09-19 22:14:15,-0.7193,8.7815,77.23,81,96,10.98
813,Ponta Delgada,PT,2021-09-19 22:16:43,37.7333,-25.6667,68.72,64,20,5.75
814,Santa Fe,AR,2021-09-19 22:16:21,-31.6333,-60.7,70.75,76,100,1.99
815,Padre Bernardo,BR,2021-09-19 22:16:44,-15.35,-48.5,82.54,14,46,5.37
816,Corralillo,CU,2021-09-19 22:16:44,22.9819,-80.5856,84.65,70,66,14.16
817,Lodwar,KE,2021-09-19 22:16:44,3.1191,35.5973,85.28,42,10,4.63
818,Stephenville,US,2021-09-19 22:13:03,32.2207,-98.2023,97.14,29,1,4.61
819,Herat,AF,2021-09-19 22:16:45,34.5,62.0,66.04,29,0,11.5
820,Sumbe,AO,2021-09-19 22:16:45,-11.2061,13.8437,71.42,89,100,10.07
821,Elizabeth City,US,2021-09-19 22:16:45,36.2946,-76.2511,81.01,80,1,1.01
822,Ilulissat,GL,2021-09-19 22:16:45,69.2167,-51.1,23.02,58,100,6.91
823,Dabat,ET,2021-09-19 22:16:46,12.9842,37.765,53.42,82,57,3.94
824,Vilaka,LV,2021-09-19 22:16:46,57.1846,27.6722,40.86,80,100,11.99
825,Bharwari,IN,2021-09-19 22:16:46,25.55,81.5,79.57,81,8,2.62
826,Rafsanjan,IR,2021-09-19 22:16:46,30.4067,55.9939,78.85,13,22,2.8
827,Hamilton,US,2021-09-19 22:16:47,39.1834,-84.5333,85.24,56,1,1.99
828,Verkhnetulomskiy,RU,2021-09-19 22:16:47,68.6073,31.7962,26.73,83,1,5.12
829,Havoysund,NO,2021-09-19 22:16:47,70.9963,24.6622,47.28,77,100,9.82
830,Sambava,MG,2021-09-19 22:16:48,-14.2667,50.1667,70.47,87,100,13.8
831,Starominskaya,RU,2021-09-19 22:16:48,46.53,39.0497,63.32,85,100,8.5
832,Rafaela,AR,2021-09-19 22:16:48,-31.2503,-61.4867,72.0,54,100,3.0
833,Kindu,CD,2021-09-19 22:16:06,-2.95,25.95,70.39,98,100,1.19
834,The Valley,AI,2021-09-19 22:16:02,18.217,-63.0578,80.82,94,20,4.61
835,Dumka,IN,2021-09-19 22:16:49,24.2667,87.25,78.21,89,2,3.4
836,San Pedro,PH,2021-09-19 22:16:49,14.35,121.0167,78.03,92,75,1.14
837,Zhanakorgan,KZ,2021-09-19 22:16:49,43.9098,67.2495,58.62,18,0,16.58
838,Banda Aceh,ID,2021-09-19 22:16:49,5.5577,95.3222,75.79,87,100,15.66
839,Jizan,SA,2021-09-19 22:16:50,17.3333,42.6667,88.74,63,31,3.96
840,Taguatinga,BR,2021-09-19 22:16:50,-12.3857,-46.5711,86.83,13,1,0.4
841,Lukulu,ZM,2021-09-19 22:16:50,-14.3707,23.242,77.9,22,22,9.78
842,Wamba,NG,2021-09-19 22:16:50,8.9333,8.6,72.88,92,7,2.13
843,Monrovia,LR,2021-09-19 22:16:51,6.3005,-10.7969,76.86,86,100,6.73
844,West Bay,KY,2021-09-19 22:16:51,19.3667,-81.4167,89.08,77,20,1.99
845,Oktyabrskoye,RU,2021-09-19 22:16:51,43.0645,44.7417,51.94,100,51,4.47
846,Ati,TD,2021-09-19 22:16:52,13.2154,18.3353,84.52,59,27,8.23
847,Lapeer,US,2021-09-19 22:14:17,43.0514,-83.3188,79.32,47,1,5.75
848,Kamyshlov,RU,2021-09-19 22:16:52,56.8428,62.7111,34.36,77,69,12.88
849,Bonoua,CI,2021-09-19 22:16:52,5.2741,-3.595,76.62,93,25,4.76
850,Lentekhi,GE,2021-09-19 22:16:53,42.7856,42.7261,58.64,87,99,4.03
851,Olinda,BR,2021-09-19 22:16:53,-8.0089,-34.8553,76.73,69,40,8.05
852,Dijkot,PK,2021-09-19 22:16:53,31.2167,72.9833,85.48,56,0,6.38
853,Yelkhovka,RU,2021-09-19 22:16:53,53.8667,50.2832,38.16,67,96,2.82
854,Wilson,US,2021-09-19 22:13:18,36.1501,-86.2833,73.49,80,20,5.75
855,Torres,BR,2021-09-19 22:16:54,-29.3353,-49.7269,78.82,97,91,11.34
856,Pyshma,RU,2021-09-19 22:16:54,56.9523,63.2513,36.39,76,95,13.8
857,Valdivia,CL,2021-09-19 22:12:14,-39.8142,-73.2459,55.49,77,47,1.81
858,Raudeberg,NO,2021-09-19 22:16:54,61.9875,5.1352,55.87,86,100,1.01
859,Acari,PE,2021-09-19 22:16:55,-15.4311,-74.6158,65.53,75,55,6.76
860,Ilebo,CD,2021-09-19 22:16:55,-4.3167,20.5833,69.94,84,90,1.39
861,Verkhnyaya Inta,RU,2021-09-19 22:16:55,65.9811,60.3094,30.67,93,22,8.25
862,Bubaque,GW,2021-09-19 22:15:21,11.2833,-15.8333,81.01,81,100,10.6
863,Itubera,BR,2021-09-19 22:16:55,-13.7322,-39.1492,68.31,88,1,3.36
864,Sturgeon Falls,CA,2021-09-19 22:16:56,46.3646,-79.9326,72.09,45,0,7.31
865,Morant Bay,JM,2021-09-19 22:16:53,17.8815,-76.4093,84.65,73,92,7.36
866,Sturgeon Bay,US,2021-09-19 22:16:56,44.8342,-87.377,82.22,78,1,12.66
867,Yaypan,UZ,2021-09-19 22:16:56,40.3758,70.8156,71.76,20,0,13.27
868,Vilhena,BR,2021-09-19 22:16:56,-12.7406,-60.1458,85.26,27,22,2.82
869,Kuusamo,FI,2021-09-19 22:16:57,65.9667,29.1833,37.44,87,75,4.61
870,Tamandare,BR,2021-09-19 22:16:57,-8.7597,-35.1047,74.91,76,55,9.8
871,Thompson,CA,2021-09-19 22:16:57,55.7435,-97.8558,55.56,82,75,12.66
872,Soyo,AO,2021-09-19 22:16:58,-6.1349,12.3689,74.19,77,65,7.23
873,Thaba-Tseka,LS,2021-09-19 22:16:58,-29.522,28.6084,51.85,68,16,19.98
874,Tabou,CI,2021-09-19 22:16:58,4.423,-7.3528,77.85,85,61,4.38
875,Tucuman,AR,2021-09-19 22:16:56,-26.8241,-65.2226,84.2,45,41,4.61
876,Ancud,CL,2021-09-19 22:16:30,-41.8697,-73.8203,51.42,80,34,8.05
877,Marsaxlokk,MT,2021-09-19 22:16:58,35.8419,14.5431,78.08,94,0,2.3
878,Choma,ZM,2021-09-19 22:16:59,-16.8065,26.9531,64.18,50,0,3.0
879,Delmas,HT,2021-09-19 22:16:59,18.5447,-72.3028,83.73,69,24,5.17
880,Boddam,GB,2021-09-19 22:16:59,57.4667,-1.7833,54.72,95,35,6.91
881,Igarka,RU,2021-09-19 22:16:59,67.4667,86.5833,40.64,94,100,7.94
882,Gwadar,PK,2021-09-19 22:17:00,25.1216,62.3254,80.53,84,31,8.59
883,Buribay,RU,2021-09-19 22:17:00,51.9617,58.1592,36.18,68,56,6.62
884,Caravelas,BR,2021-09-19 22:13:28,-17.7125,-39.2481,72.48,79,26,6.93
885,Korla,CN,2021-09-19 22:17:00,41.7597,86.1469,72.5,23,0,3.49
886,Rio Branco,BR,2021-09-19 22:17:00,-9.9747,-67.81,90.21,51,40,8.05
887,Gubkinskiy,RU,2021-09-19 22:16:46,64.434,76.5026,34.3,93,49,9.69
888,Povenets,RU,2021-09-19 22:17:01,62.8487,34.8262,39.13,77,57,8.03
889,Kalmunai,LK,2021-09-19 22:17:01,7.4167,81.8167,79.75,83,56,5.44
890,Lima,PE,2021-09-19 22:12:44,-12.0432,-77.0282,59.25,77,90,14.97
891,Kosino,RU,2021-09-19 22:17:01,58.4127,51.2782,38.1,62,100,4.92
892,Palencia,ES,2021-09-19 22:17:02,42.4167,-4.5,55.6,75,76,9.1
893,Ebeltoft,DK,2021-09-19 22:17:02,56.1944,10.6821,53.74,82,90,1.14
894,Annau,TM,2021-09-19 22:15:13,37.8876,58.516,73.11,27,0,6.58
895,Wilmington,US,2021-09-19 22:12:42,34.2257,-77.9447,82.31,68,1,10.36
896,Shache,CN,2021-09-19 22:17:02,38.4167,77.2406,71.01,15,46,4.81
897,Qasigiannguit,GL,2021-09-19 22:17:03,68.8193,-51.1922,23.25,77,100,4.47
898,Araguaina,BR,2021-09-19 22:17:03,-7.1911,-48.2072,92.43,23,39,2.46
899,Lieto,FI,2021-09-19 22:17:03,60.5103,22.4618,46.71,71,90,5.75
900,Shahrud,IR,2021-09-19 22:17:03,36.4182,54.9763,68.7,50,0,4.29
901,Zaraza,VE,2021-09-19 22:17:04,9.3503,-65.3245,81.9,73,89,3.96
902,Breves,BR,2021-09-19 22:17:04,-1.6822,-50.4803,75.04,92,96,6.2
903,Ibra,OM,2021-09-19 22:17:04,22.6906,58.5334,77.61,74,91,4.32
904,Namibe,AO,2021-09-19 22:16:17,-15.1961,12.1522,61.43,84,17,6.22
905,Itaituba,BR,2021-09-19 22:17:04,-4.2761,-55.9836,84.24,56,53,2.06
906,Svetlogorsk,BY,2021-09-19 22:17:05,52.6333,29.7333,48.51,97,100,10.85
907,Ape,LV,2021-09-19 22:17:05,57.5393,26.6929,38.71,70,100,10.87
908,Porto Santo,PT,2021-09-19 22:17:05,33.072,-16.3415,73.31,68,75,13.8
909,Polunochnoye,RU,2021-09-19 22:17:06,60.8697,60.4153,31.08,85,56,6.89
910,Deep River,CA,2021-09-19 22:17:06,46.1001,-77.4995,67.95,53,1,3.76
911,Upata,VE,2021-09-19 22:17:06,8.0086,-62.3989,74.71,87,44,2.73
912,Berlevag,NO,2021-09-19 22:17:06,70.8578,29.0864,44.55,65,0,16.11
913,Maraa,BR,2021-09-19 22:17:06,-1.8333,-65.3667,79.79,81,83,2.15
914,Petersburg,US,2021-09-19 22:17:07,37.2279,-77.4019,84.76,73,75,6.91
915,Augusto Correa,BR,2021-09-19 22:17:07,-1.0217,-46.635,78.89,80,68,6.26
916,Henties Bay,NA,2021-09-19 22:17:07,-22.116,14.2845,54.86,89,1,6.78
917,Contai,IN,2021-09-19 22:17:08,21.7786,87.7536,76.51,92,100,4.16
918,Glens Falls,US,2021-09-19 22:17:08,43.3095,-73.644,71.22,62,1,1.01
919,Grand Baie,MU,2021-09-19 22:17:08,-20.0182,57.5802,70.27,66,94,1.99
920,Bentiu,SS,2021-09-19 22:17:08,9.2333,29.8333,73.74,85,55,1.07
921,San Jose Del Palmar,CO,2021-09-19 22:17:09,4.9742,-76.2283,73.06,95,99,2.71
922,Winneba,GH,2021-09-19 22:17:09,5.3511,-0.6231,79.27,93,89,7.96
923,Vargashi,RU,2021-09-19 22:17:09,55.3556,65.8467,37.4,78,90,14.47
924,Alto Araguaia,BR,2021-09-19 22:17:10,-17.3147,-53.2153,83.89,15,12,4.85
925,Krasnoselkup,RU,2021-09-19 22:17:10,65.7,82.4667,36.73,88,100,6.82
926,Shahr-E Babak,IR,2021-09-19 22:17:09,30.1165,55.1186,71.67,22,13,2.28
927,Drezdenko,PL,2021-09-19 22:17:10,52.8383,15.8308,48.15,74,58,3.58
928,Jalu,LY,2021-09-19 22:17:10,29.0331,21.5482,85.82,26,0,5.82
929,Mao,ES,2021-09-19 22:17:11,39.8885,4.2658,68.56,73,0,4.61
930,Lodja,CD,2021-09-19 22:17:11,-3.4833,23.4333,69.67,91,98,0.11
931,Conde,BR,2021-09-19 22:17:11,-7.2597,-34.9075,76.46,78,20,9.22
932,Bondoukou,CI,2021-09-19 22:17:11,8.0333,-2.8,71.71,95,63,2.91
933,Severnoye,RU,2021-09-19 22:17:12,56.3491,78.3619,35.47,97,100,10.27
934,Tanem,NO,2021-09-19 22:17:12,63.3078,10.4319,49.93,77,89,6.17
935,Longido,TZ,2021-09-19 22:17:12,-2.7333,36.6833,66.76,44,18,9.35
936,Bakani,IN,2021-09-19 22:17:13,24.2833,76.2333,73.74,93,52,7.99
937,Mumford,GH,2021-09-19 22:17:13,5.2618,-0.759,75.9,93,90,8.55
938,Zelenoborskiy,RU,2021-09-19 22:17:13,66.845,32.3622,38.89,76,7,2.06
939,Chillicothe,US,2021-09-19 22:14:10,39.3331,-82.9824,87.33,48,1,5.75
940,Bandar-E Anzali,IR,2021-09-19 22:17:13,37.4727,49.4622,69.22,76,0,0.67
941,Noyabrsk,RU,2021-09-19 22:17:14,63.1994,75.4507,33.08,93,81,9.6
942,Beyneu,KZ,2021-09-19 22:17:14,45.3167,55.2,60.13,47,100,12.62
943,Upington,ZA,2021-09-19 22:17:14,-28.4478,21.2561,61.18,29,0,5.75
944,Verkhniy Fiagdon,RU,2021-09-19 22:17:14,42.8333,44.3053,45.27,74,35,9.75
945,Bastia,FR,2021-09-19 22:17:15,42.6667,9.3333,71.4,58,20,10.0
946,Muhos,FI,2021-09-19 22:17:15,64.808,25.9931,42.58,79,96,4.07
947,Burgdorf,DE,2021-09-19 22:17:15,52.4463,10.0064,55.9,81,75,1.01
948,Sao Joao Da Barra,BR,2021-09-19 22:17:15,-21.6403,-41.0511,74.03,87,10,10.11
949,Cockburn Town,TC,2021-09-19 22:17:16,21.4612,-71.1419,84.16,70,40,10.36
950,Durusu,TR,2021-09-19 22:17:16,41.3053,28.6767,76.14,83,51,5.01
951,Ponezhukay,RU,2021-09-19 22:17:16,44.8876,39.3855,64.71,85,73,12.88
952,Carrollton,US,2021-09-19 22:13:50,32.9537,-96.8903,97.29,44,1,0.0
953,Miranda,CO,2021-09-19 22:17:16,3.2499,-76.2281,80.73,76,88,1.01
954,Marawi,PH,2021-09-19 22:16:43,7.9986,124.2928,65.64,96,100,1.36
955,Lomovka,RU,2021-09-19 22:17:17,53.9194,58.3672,29.32,95,24,4.45
956,Miquelon,PM,2021-09-19 22:17:17,47.0975,-56.3814,57.7,88,100,28.72
957,Morros,BR,2021-09-19 22:17:17,-9.4467,-46.3003,85.75,21,15,4.25
958,Saint-Leu,RE,2021-09-19 22:17:17,-21.15,55.2833,63.46,64,12,10.71
959,Tessalit,ML,2021-09-19 22:15:57,20.1986,1.0114,92.35,10,0,8.16
960,Camapua,BR,2021-09-19 22:17:18,-19.5314,-54.0439,91.8,16,55,2.75
961,Tamala,RU,2021-09-19 22:17:18,52.541,43.2515,45.3,73,100,17.63
962,Havre-Saint-Pierre,CA,2021-09-19 22:17:18,50.2334,-63.5986,53.6,82,1,14.97
963,Ouadda,CF,2021-09-19 22:17:18,8.0777,22.4007,69.28,97,100,1.95
964,Kamenka,RU,2021-09-19 22:15:52,51.3223,42.7678,51.55,56,100,19.42
965,Chhapar,IN,2021-09-19 22:17:19,27.8167,74.4,81.82,74,85,7.27
966,Marysville,US,2021-09-19 22:17:19,48.0518,-122.1771,66.94,78,90,1.01
967,Surt,LY,2021-09-19 22:17:19,31.2089,16.5887,83.43,48,0,11.97
968,Weston-Super-Mare,GB,2021-09-19 22:17:19,51.346,-2.9766,56.95,84,9,8.05
969,Guhagar,IN,2021-09-19 22:17:20,17.4842,73.1929,75.52,92,79,1.3
970,Sao Jose Da Coroa Grande,BR,2021-09-19 22:17:20,-8.8978,-35.1478,75.15,76,56,10.04
971,Bonita Springs,US,2021-09-19 22:17:20,26.3398,-81.7787,87.98,81,97,8.21
972,Kanash,RU,2021-09-19 22:17:21,55.5086,47.4956,35.19,73,94,5.95
973,Saint-Augustin,CA,2021-09-19 22:17:21,51.226,-58.6502,53.82,44,6,12.3
974,Sokoto,NG,2021-09-19 22:17:21,13.0609,5.239,77.11,71,62,3.98
975,Butterworth,MY,2021-09-19 22:17:21,5.3991,100.3638,78.84,92,40,3.44
976,Los Llanos De Aridane,ES,2021-09-19 22:16:03,28.6585,-17.9182,69.55,74,20,8.05
977,Talnakh,RU,2021-09-19 22:17:06,69.4865,88.3972,36.32,92,100,4.83
978,Vasai,IN,2021-09-19 22:17:22,19.47,72.8,78.89,88,58,4.81
979,Grand-Santi,GF,2021-09-19 22:17:22,4.25,-54.3833,79.59,74,97,2.82
980,Rantoul,US,2021-09-19 22:17:22,40.3084,-88.1559,89.62,46,1,11.5
981,Barra Do Garcas,BR,2021-09-19 22:17:22,-15.89,-52.2567,86.4,16,10,2.64
982,Zaysan,KZ,2021-09-19 22:17:23,47.4667,84.8667,62.83,28,75,10.09
983,Alberdi,AR,2021-09-19 22:17:23,-32.8899,-60.6906,66.69,81,75,1.01
984,Uyovu,TZ,2021-09-19 22:17:23,-3.2833,31.5258,66.74,74,98,3.91
985,Ballitoville,ZA,2021-09-19 22:17:23,-29.539,31.2144,64.24,88,20,6.91
986,Tabuk,PH,2021-09-19 22:17:24,17.4189,121.4443,73.71,90,98,2.19
987,Prosvet,RU,2021-09-19 22:17:24,55.5703,65.0825,36.82,74,86,12.62
988,Necochea,AR,2021-09-19 22:17:24,-38.5473,-58.7368,55.04,92,63,8.14
989,Yenagoa,NG,2021-09-19 22:17:24,4.9247,6.2642,75.96,92,99,3.49
990,Benguela,AO,2021-09-19 22:17:24,-12.5763,13.4055,70.57,83,49,5.26
991,Antofagasta,CL,2021-09-19 22:17:25,-23.65,-70.4,58.28,79,36,10.33
992,Sinazongwe,ZM,2021-09-19 22:17:25,-17.2614,27.4618,72.81,59,0,8.23
993,Rio Casca,BR,2021-09-19 22:17:25,-20.2261,-42.6508,83.37,43,25,8.19
994,Tsabong,BW,2021-09-19 22:17:26,-26.0217,22.401,68.81,20,95,4.81
995,Guasdualito,VE,2021-09-19 22:17:26,7.2424,-70.7324,79.63,86,45,1.5
996,Zofingen,CH,2021-09-19 22:17:26,47.2878,7.9459,55.71,90,100,2.3
997,Capreol,CA,2021-09-19 22:17:26,46.706,-80.9225,66.67,53,1,1.01
998,Uusikaupunki,FI,2021-09-19 22:17:27,60.8004,21.4084,45.12,83,4,10.0
999,Leua,SK,2021-09-19 22:17:27,48.2156,18.6071,51.49,80,4,5.91
1000,Rena,NO,2021-09-19 22:17:27,61.1348,11.3641,43.83,74,92,2.62
1001,Sabaudia,IT,2021-09-19 22:17:27,41.3003,13.0282,72.9,71,6,13.38
1002,El Vendrell,ES,2021-09-19 22:17:28,41.2167,1.5333,71.67,70,20,3.94
1003,Aswan,EG,2021-09-19 22:17:01,24.0934,32.907,86.31,17,1,8.43
1004,Bozovici,RO,2021-09-19 22:17:28,44.9389,22.0017,56.25,63,73,3.13
1005,Kidal,ML,2021-09-19 22:17:28,18.4411,1.4078,92.1,14,2,6.31
1006,Paracuru,BR,2021-09-19 22:17:28,-3.41,-39.0306,80.62,76,79,14.07
1007,Laukaa,RU,2021-09-19 22:17:29,58.7372,29.8453,41.97,71,100,10.76
1008,Senador Jose Porfirio,BR,2021-09-19 22:17:29,-2.5908,-51.9542,80.2,74,70,1.88
1009,Muravlenko,RU,2021-09-19 22:17:29,63.7898,74.523,36.5,91,99,10.56
1010,Lar,IN,2021-09-19 22:17:30,26.2039,83.9717,80.46,83,82,5.23
1011,Kudahuvadhoo,MV,2021-09-19 22:17:30,2.6708,72.8944,82.04,77,90,8.14
1012,Pyaozerskiy,RU,2021-09-19 22:17:30,65.8333,31.1667,35.19,89,8,3.04
1013,Arilje,RS,2021-09-19 22:17:30,43.7531,20.0956,65.66,83,3,4.18
1014,Neman,RU,2021-09-19 22:17:31,55.0311,22.0264,44.8,72,100,12.35
1015,Sao Gabriel Da Cachoeira,BR,2021-09-19 22:17:31,-0.1303,-67.0892,80.55,75,92,1.5
1016,Balkanabat,TM,2021-09-19 22:17:31,39.5108,54.3671,76.64,21,0,14.85
1017,Baherden,TM,2021-09-19 22:17:31,38.4362,57.4316,70.95,28,0,7.58
1018,Abreus,CU,2021-09-19 22:17:32,22.2775,-80.5675,86.99,55,90,9.01
1019,Ugoofaaru,MV,2021-09-19 22:17:32,5.6667,73.0,82.08,79,25,10.49
1020,Manono,CD,2021-09-19 22:17:32,-7.3,27.4167,75.97,55,100,2.48
1021,Duku,NG,2021-09-19 22:17:33,11.2361,4.9073,76.03,87,67,1.05
1022,Kasempa,ZM,2021-09-19 22:17:33,-13.4584,25.8338,71.31,33,6,7.34
1023,Chahal,GT,2021-09-19 22:17:33,15.75,-89.5667,85.84,61,77,5.1
1024,Barranca,PE,2021-09-19 22:17:33,-10.75,-77.7667,62.13,75,10,12.17
1025,Druzhba,UA,2021-09-19 22:17:34,52.0428,33.9453,48.94,98,100,6.78
1026,Mwinilunga,ZM,2021-09-19 22:17:34,-11.7358,24.4293,71.19,30,52,2.28
1027,Sayyan,YE,2021-09-19 22:17:34,15.1718,44.3244,64.49,38,42,2.06
1028,Halifax,CA,2021-09-19 22:15:59,44.6453,-63.5724,63.09,67,0,5.99
1029,Carora,VE,2021-09-19 22:17:34,10.1755,-70.0827,84.76,52,85,2.35
1030,Honningsvag,NO,2021-09-19 22:17:11,70.9821,25.9704,38.73,77,89,24.7
1031,Tias,ES,2021-09-19 22:17:35,28.9611,-13.645,71.35,68,40,8.05
1032,Xuddur,SO,2021-09-19 22:17:35,4.1213,43.8894,72.91,75,75,18.12
1033,Saint-Georges,GD,2021-09-19 22:17:35,12.0564,-61.7485,83.88,74,20,0.0
1034,Trani,IT,2021-09-19 22:17:35,41.2727,16.4154,77.32,61,0,4.85
1035,Ilieni,RO,2021-09-19 22:17:36,45.8,25.7667,53.56,81,51,0.98
1036,Plouzane,FR,2021-09-19 22:17:36,48.3833,-4.6167,58.08,90,0,4.61
1037,Novorzhev,RU,2021-09-19 22:17:36,57.0294,29.3338,40.15,86,100,11.99
1038,Lugovoy,KZ,2021-09-19 22:17:37,42.9472,72.7644,56.08,36,33,2.91
1039,Shubarkuduk,KZ,2021-09-19 22:17:37,49.1447,56.4872,42.37,46,20,6.91
1040,Yining,CN,2021-09-19 22:17:37,29.0361,114.5636,71.28,98,100,3.29
1041,Igrim,RU,2021-09-19 22:17:37,63.1906,64.4162,34.0,95,100,12.71
1042,Vestmanna,FO,2021-09-19 22:17:38,62.1564,-7.1664,50.92,100,90,10.36
1043,Zhanaozen,KZ,2021-09-19 22:17:38,43.3,52.8,66.43,35,85,20.11
1044,Gukovo,RU,2021-09-19 22:17:38,48.0531,39.9311,60.44,95,100,12.44
1045,Cozumel,MX,2021-09-19 22:14:16,20.5083,-86.9458,88.0,75,40,3.0
1046,Hella,NO,2021-09-19 22:17:39,67.2,14.4333,49.87,66,0,14.97
1047,Siyabuswa,ZA,2021-09-19 22:17:39,-25.1132,29.0445,62.47,43,0,3.04
1048,Gazojak,TM,2021-09-19 22:17:39,41.1875,61.4036,61.84,29,0,12.26
1049,Gao,ML,2021-09-19 22:17:39,16.6362,1.637,96.49,22,69,9.71
1050,Florham Park,US,2021-09-19 22:17:40,40.7879,-74.3882,76.59,56,1,4.61
1051,Novyy Svit,UA,2021-09-19 22:17:40,47.8059,38.0211,59.94,89,65,5.77
1052,Murashi,RU,2021-09-19 22:17:40,59.3999,48.9615,35.24,77,100,5.08
1053,Vredendal,ZA,2021-09-19 22:17:41,-31.6683,18.5012,55.33,90,47,7.54
1054,Krasnyy Yar,RU,2021-09-19 22:17:41,46.5331,48.3456,57.13,65,42,11.41
1055,Ajdabiya,LY,2021-09-19 22:17:41,30.7554,20.2263,83.3,31,0,10.11
1056,Tazovskiy,RU,2021-09-19 22:17:41,67.4667,78.7,33.03,96,100,19.8
1057,Adrar,MR,2021-09-19 22:17:41,20.5022,-10.0711,92.86,23,3,19.33
1058,Carballo,ES,2021-09-19 22:17:42,43.213,-8.691,61.9,91,63,4.27
1059,Etampes,FR,2021-09-19 22:17:42,48.4333,2.15,62.42,94,100,9.98
1060,Valparaiso,CL,2021-09-19 22:17:42,-33.0393,-71.6273,60.44,62,20,11.5
1061,Arandis,NA,2021-09-19 22:17:42,-22.4167,14.9667,48.47,71,1,2.57
1062,Villazon,BO,2021-09-19 22:17:43,-22.0866,-65.5942,65.68,21,59,14.5
1063,Gashua,NG,2021-09-19 22:17:43,12.871,11.0482,84.96,49,39,10.42
1064,Ivanteyevka,RU,2021-09-19 22:17:43,55.9711,37.9208,43.14,80,100,16.04
1065,Kapoeta,SS,2021-09-19 22:14:10,4.7717,33.5903,75.38,65,30,1.72
1066,Terrak,NO,2021-09-19 22:17:44,65.087,12.3715,51.67,71,54,9.64
1067,Neuquen,AR,2021-09-19 22:14:37,-38.9516,-68.0591,64.29,22,0,8.05
1068,Terra Santa,BR,2021-09-19 22:17:44,-2.1042,-56.4869,84.2,56,45,3.42
1069,Taoudenni,ML,2021-09-19 22:17:44,22.6783,-3.9836,99.75,10,0,6.33
1070,Verkhneyarkeyevo,RU,2021-09-19 22:17:45,55.4505,54.3145,35.4,75,49,5.1
1071,Birao,CF,2021-09-19 22:17:45,10.2849,22.7882,73.09,89,100,3.65
1072,Pimentel,PE,2021-09-19 22:17:45,-6.8367,-79.9342,66.49,68,0,24.16
1073,Key West,US,2021-09-19 22:16:05,24.5557,-81.7826,89.6,69,40,4.61
1074,Nakasongola,UG,2021-09-19 22:17:45,1.3089,32.4564,63.27,98,53,1.63
1075,Chalmette,US,2021-09-19 22:15:49,29.9427,-89.9634,86.0,72,1,4.0
1076,Jeremie,HT,2021-09-19 22:17:07,18.65,-74.1167,83.71,64,48,5.7
1077,Grindavik,IS,2021-09-19 22:17:46,63.8424,-22.4338,48.67,100,90,25.32
1078,Richards Bay,ZA,2021-09-19 22:17:46,-28.783,32.0377,65.84,68,70,17.18
1079,Sorland,NO,2021-09-19 22:17:46,67.667,12.6934,52.23,78,100,11.23
1080,Isiolo,KE,2021-09-19 22:17:46,0.3546,37.5822,70.25,48,48,14.58
1081,Yanam,IN,2021-09-19 22:17:47,16.7333,82.2167,77.0,92,100,3.33
1082,Koulikoro,ML,2021-09-19 22:17:47,14.0,-7.75,83.43,44,77,5.23
1083,Pafos,CY,2021-09-19 22:17:47,34.7667,32.4167,76.91,60,0,6.91
1084,Mundgod,IN,2021-09-19 22:17:47,14.9667,75.0333,68.95,98,100,5.06
1085,Kozhva,RU,2021-09-19 22:17:48,65.1073,57.0459,33.94,85,27,12.44
1086,Arlit,NE,2021-09-19 22:17:48,18.7369,7.3853,95.09,12,47,6.82
1087,Lidkoping,SE,2021-09-19 22:17:48,58.5052,13.1577,48.9,86,84,7.34
1088,Moroni,KM,2021-09-19 22:17:48,-11.7022,43.2551,73.72,79,3,14.61
1089,Quatre Cocos,MU,2021-09-19 22:16:08,-20.2078,57.7625,69.91,61,87,11.21
1090,Uyuni,BO,2021-09-19 22:17:49,-20.4597,-66.825,60.35,21,23,10.76
1091,Unai,BR,2021-09-19 22:17:49,-16.3575,-46.9061,83.17,20,42,4.21
1092,La Crau,FR,2021-09-19 22:17:49,43.1498,6.0743,67.5,59,0,11.99
1093,Paita,PE,2021-09-19 22:17:49,-5.0892,-81.1144,66.24,78,27,19.48
1094,Santa Maria,BR,2021-09-19 22:17:50,-29.6842,-53.8069,69.33,96,92,6.76
1095,Laguna,US,2021-09-19 22:17:50,38.421,-121.4238,84.06,35,1,4.0
1096,Rognan,NO,2021-09-19 22:17:50,67.0953,15.3878,49.87,66,61,8.81
1097,Chicama,PE,2021-09-19 22:17:16,-7.8447,-79.1469,61.34,71,21,9.8
1098,Silvassa,IN,2021-09-19 22:17:50,20.2667,73.0167,74.82,97,90,4.74
1099,Carolina,PR,2021-09-19 22:17:19,18.3808,-65.9574,84.09,74,40,9.22
1100,Dundalk,US,2021-09-19 22:17:51,39.2507,-76.5205,81.12,54,1,4.0
1101,Port Antonio,JM,2021-09-19 22:17:51,18.18,-76.4612,84.94,72,99,4.83
